مشخصه,نام درس,مقطع کلاس,نظری,نوع عملی,نوع عملی,جنسیت,گروه کلاس,باقي مانده,ساعت کلاس,ساعت امتحان,ت امتحان,نام استاد,گروه بندی
91400,آزمايشگاه پايگاه داده  ,کارشناسي,  0,تخصصي,تخصصي,مختلط, ,0,دوشـــنبه12:00 10:30,00:00,"
  /  /  
",نيك روان شلماني عليرضا, —— 
91460,آزمايشگاه پايگاه داده  ,کارشناسي,  0,تخصصي,تخصصي,مختلط, ,0,يکشنـــبه16:00 14:30,00:00,"
  /  /  
",سليمي شهركي الياس, —— 
91462,آزمايشگاه پايگاه داده  ,کارشناسي,  0,تخصصي,تخصصي,مختلط, ,0,يکشنـــبه19:00 17:30,00:00,"
  /  /  
",سليمي شهركي الياس, —— 
91501,آزمايشگاه ريزپردازنده  ,کارشناسي,  0,اصلي,اصلي,مختلط, ,8,شنبـــــه11:15 09:45,00:00,"
  /  /  
",الياسي علي, —— 
91466,آزمايشگاه ريزپردازنده  ,کارشناسي,  0,اصلي,اصلي,مختلط, ,0,يکشنـــبه15:30 14:00,00:00,"
  /  /  
",شميراني حميدرضالطفعلي, —— 
91468,آزمايشگاه ريزپردازنده  ,کارشناسي,  0,اصلي,اصلي,مختلط, ,0,چهار شنبه17:15 15:45,00:00,"
  /  /  
",اسلامي سيد علي, —— 
91353,آزمايشگاه ريزپردازنده  ,کارشناسي,  0,اصلي,اصلي,مختلط, ,0,شنبـــــه15:30 14:00,00:00,"
  /  /  
",اسلامي سيد علي, —— 
91355,آزمايشگاه ريزپردازنده  ,کارشناسي,  0,اصلي,اصلي,مختلط, ,0,شنبـــــه19:00 17:30,00:00,"
  /  /  
",اسلامي سيد علي, —— 
91366,آزمايشگاه سيستم هاي عامل  ,کارشناسي,  0,اصلي,اصلي,مختلط, ,0,دوشـــنبه09:30 08:00,00:00,"
  /  /  
",حريفي ساسان, —— 
91397,آزمايشگاه سيستم هاي عامل  ,کارشناسي,  0,اصلي,اصلي,مختلط, ,0,دوشـــنبه12:30 11:00,00:00,"
  /  /  
",حريفي ساسان, —— 
91401,آزمايشگاه پايگاه داده  ,کارشناسي,  0,تخصصي,تخصصي,مختلط, ,0,دوشـــنبه14:00 12:30,00:00,"
  /  /  
",نيك روان شلماني عليرضا, —— 
91461,آزمايشگاه پايگاه داده  ,کارشناسي,  0,تخصصي,تخصصي,مختلط, ,0,يکشنـــبه17:30 16:00,00:00,"
  /  /  
",سليمي شهركي الياس, —— 
91522,آزمايشگاه پايگاه داده  ,کارشناسي,  0,تخصصي,تخصصي,مختلط, ,10,پنج شنـبه12:30 11:00,00:00,"
  /  /  
",خليليان مجيد, —— 
91502,آزمايشگاه ريزپردازنده  ,کارشناسي,  0,اصلي,اصلي,مختلط, ,6,شنبـــــه13:00 11:30,00:00,"
  /  /  
",الياسي علي, —— 
91467,آزمايشگاه ريزپردازنده  ,کارشناسي,  0,اصلي,اصلي,مختلط, ,-1,چهار شنبه15:30 14:00,00:00,"
  /  /  
",اسلامي سيد علي, —— 
91469,آزمايشگاه ريزپردازنده  ,کارشناسي,  0,اصلي,اصلي,مختلط, ,0,چهار شنبه19:00 17:30,00:00,"
  /  /  
",اسلامي سيد علي, —— 
91354,آزمايشگاه ريزپردازنده  ,کارشناسي,  0,اصلي,اصلي,مختلط, ,0,شنبـــــه17:15 15:45,00:00,"
  /  /  
",اسلامي سيد علي, —— 
91359,آزمايشگاه ريزپردازنده  ,کارشناسي,  0,اصلي,اصلي,مختلط, ,0,يکشنـــبه19:00 17:30,00:00,"
  /  /  
",اسلامي سيد علي, —— 
91367,آزمايشگاه سيستم هاي عامل  ,کارشناسي,  0,اصلي,اصلي,مختلط, ,0,دوشـــنبه11:00 09:30,00:00,"
  /  /  
",حريفي ساسان, —— 
91398,آزمايشگاه سيستم هاي عامل  ,کارشناسي,  0,اصلي,اصلي,مختلط, ,0,پنج شنـبه09:30 08:00,00:00,"
  /  /  
",محمدزاده جواد, —— 
91399,آزمايشگاه سيستم هاي عامل  ,کارشناسي,  0,اصلي,اصلي,مختلط, ,0,پنج شنـبه11:00 09:30,00:00,"
  /  /  
",محمدزاده جواد, —— 
91373,آزمايشگاه شبكه هاي كامپيوتري  ,کارشناسي,  0,اصلي,اصلي,مختلط, ,0,دوشـــنبه11:15 09:45,00:00,"
  /  /  
",عابدي پروين, —— 
91375,آزمايشگاه شبكه هاي كامپيوتري  ,کارشناسي,  0,اصلي,اصلي,مختلط, ,2,پنج شنـبه14:30 13:00,00:00,"
  /  /  
",فيلي مريم, —— 
91377,آزمايشگاه شبكه هاي كامپيوتري  ,کارشناسي,  0,اصلي,اصلي,مختلط, ,1,چهار شنبه11:15 09:45,00:00,"
  /  /  
",فرج پور ليدا, —— 
10022,آزمايشگاه فيزيك (1)  ,کارشناسي,  0,پايه,پايه,مختلط, ,0,شنبـــــه09:30 08:00,00:00,"
  /  /  
",خسرواني شيما, —— 
10024,آزمايشگاه فيزيك (1)  ,کارشناسي,  0,پايه,پايه,مختلط, ,0,شنبـــــه15:30 14:00,00:00,"
  /  /  
",خسرواني شيما, —— 
10032,آزمايشگاه فيزيك (2)  ,کارشناسي,  0,پايه,پايه,مختلط, ,0,شنبـــــه13:00 11:30,00:00,"
  /  /  
",شايگان مهر سيده مينا, —— 
10036,آزمايشگاه فيزيك (2)  ,کارشناسي,  0,پايه,پايه,مختلط, ,0,يکشنـــبه13:00 11:30,00:00,"
  /  /  
",آقازاده مريم, —— 
10040,آزمايشگاه فيزيك (2)  ,کارشناسي,  0,پايه,پايه,مختلط, ,0,دوشـــنبه13:00 11:30,00:00,"
  /  /  
",آقازاده مريم, —— 
10042,آزمايشگاه فيزيك (2)  ,کارشناسي,  0,پايه,پايه,مختلط, ,0,سه شنبــه13:00 11:30,00:00,"
  /  /  
",آقازاده مريم, —— 
91372,آزمايشگاه شبكه هاي كامپيوتري  ,کارشناسي,  0,اصلي,اصلي,مختلط, ,0,دوشـــنبه09:30 08:00,00:00,"
  /  /  
",عابدي پروين, —— 
91374,آزمايشگاه شبكه هاي كامپيوتري  ,کارشناسي,  0,اصلي,اصلي,مختلط, ,0,دوشـــنبه13:00 11:30,00:00,"
  /  /  
",عابدي پروين, —— 
91376,آزمايشگاه شبكه هاي كامپيوتري  ,کارشناسي,  0,اصلي,اصلي,مختلط, ,0,چهار شنبه09:30 08:00,00:00,"
  /  /  
",فرج پور ليدا, —— 
91378,آزمايشگاه شبكه هاي كامپيوتري  ,کارشناسي,  0,اصلي,اصلي,مختلط, ,0,چهار شنبه13:00 11:30,00:00,"
  /  /  
",فرج پور ليدا, —— 
10023,آزمايشگاه فيزيك (1)  ,کارشناسي,  0,پايه,پايه,مختلط, ,0,شنبـــــه11:15 09:45,00:00,"
  /  /  
",خسرواني شيما, —— 
10031,آزمايشگاه فيزيك (2)  ,کارشناسي,  0,پايه,پايه,مختلط, ,0,شنبـــــه09:30 08:00,00:00,"
  /  /  
",شايگان مهر سيده مينا, —— 
10035,آزمايشگاه فيزيك (2)  ,کارشناسي,  0,پايه,پايه,مختلط, ,0,يکشنـــبه09:30 08:00,00:00,"
  /  /  
",آقازاده مريم, —— 
10039,آزمايشگاه فيزيك (2)  ,کارشناسي,  0,پايه,پايه,مختلط, ,0,دوشـــنبه09:30 08:00,00:00,"
  /  /  
",آقازاده مريم, —— 
10041,آزمايشگاه فيزيك (2)  ,کارشناسي,  0,پايه,پايه,مختلط, ,0,سه شنبــه09:30 08:00,00:00,"
  /  /  
",آقازاده مريم, —— 
10043,آزمايشگاه فيزيك (2)  ,کارشناسي,  0,پايه,پايه,مختلط, ,0,چهار شنبه09:30 08:00,00:00,"
  /  /  
",حاج اكبري فاطمه, —— 
11027,آزمايشگاه فيزيك (2)  ,کارشناسي,  0,پايه,پايه,مختلط, ,0,شنبـــــه11:15 09:45,00:00,"
  /  /  
",حاج اكبري فاطمه, —— 
11029,آزمايشگاه فيزيك (2)  ,کارشناسي,  0,پايه,پايه,مختلط, ,3,شنبـــــه11:15 09:45,00:00,"
  /  /  
",جوادي اليادراني سپيده, —— 
11031,آزمايشگاه فيزيك (2)  ,کارشناسي,  0,پايه,پايه,مختلط, ,1,شنبـــــه11:15 09:45,00:00,"
  /  /  
",شايگان مهر سيده مينا, —— 
11033,آزمايشگاه فيزيك (2)  ,کارشناسي,  0,پايه,پايه,مختلط, ,0,يکشنـــبه11:15 09:45,00:00,"
  /  /  
",حاج اكبري فاطمه, —— 
11035,آزمايشگاه فيزيك (2)  ,کارشناسي,  0,پايه,پايه,مختلط, ,0,يکشنـــبه11:15 09:45,00:00,"
  /  /  
",آقازاده مريم, —— 
11037,آزمايشگاه فيزيك (2)  ,کارشناسي,  0,پايه,پايه,مختلط, ,0,دوشـــنبه11:15 09:45,00:00,"
  /  /  
",حاج اكبري فاطمه, —— 
11039,آزمايشگاه فيزيك (2)  ,کارشناسي,  0,پايه,پايه,مختلط, ,0,دوشـــنبه11:15 09:45,00:00,"
  /  /  
",آقازاده مريم, —— 
11041,آزمايشگاه فيزيك (2)  ,کارشناسي,  0,پايه,پايه,مختلط, ,0,سه شنبــه11:15 09:45,00:00,"
  /  /  
",آقازاده مريم, —— 
11043,آزمايشگاه فيزيك (2)  ,کارشناسي,  0,پايه,پايه,مختلط, ,0,چهار شنبه11:15 09:45,00:00,"
  /  /  
",حاج اكبري فاطمه, —— 
11045,آزمايشگاه فيزيك (2)  ,کارشناسي,  0,پايه,پايه,مختلط, ,0,چهار شنبه11:15 09:45,00:00,"
  /  /  
",طالب تاش محمدرحيم, —— 
11028,آزمايشگاه فيزيك (2)  ,کارشناسي,  0,پايه,پايه,مختلط, ,0,شنبـــــه15:30 14:00,00:00,"
  /  /  
",حاج اكبري فاطمه, —— 
11030,آزمايشگاه فيزيك (2)  ,کارشناسي,  0,پايه,پايه,مختلط, ,0,شنبـــــه15:30 14:00,00:00,"
  /  /  
",جوادي اليادراني سپيده, —— 
11032,آزمايشگاه فيزيك (2)  ,کارشناسي,  0,پايه,پايه,مختلط, ,0,شنبـــــه15:30 14:00,00:00,"
  /  /  
",شايگان مهر سيده مينا, —— 
11034,آزمايشگاه فيزيك (2)  ,کارشناسي,  0,پايه,پايه,مختلط, ,0,يکشنـــبه15:30 14:00,00:00,"
  /  /  
",حاج اكبري فاطمه, —— 
11036,آزمايشگاه فيزيك (2)  ,کارشناسي,  0,پايه,پايه,مختلط, ,0,يکشنـــبه15:30 14:00,00:00,"
  /  /  
",آقازاده مريم, —— 
11038,آزمايشگاه فيزيك (2)  ,کارشناسي,  0,پايه,پايه,مختلط, ,0,دوشـــنبه15:30 14:00,00:00,"
  /  /  
",حاج اكبري فاطمه, —— 
11040,آزمايشگاه فيزيك (2)  ,کارشناسي,  0,پايه,پايه,مختلط, ,0,دوشـــنبه15:30 14:00,00:00,"
  /  /  
",آقازاده مريم, —— 
11042,آزمايشگاه فيزيك (2)  ,کارشناسي,  0,پايه,پايه,مختلط, ,1,سه شنبــه15:30 14:00,00:00,"
  /  /  
",آقازاده مريم, —— 
11044,آزمايشگاه فيزيك (2)  ,کارشناسي,  0,پايه,پايه,مختلط, ,2,چهار شنبه15:30 14:00,00:00,"
  /  /  
",هژبري عليرضا, —— 
11046,آزمايشگاه فيزيك (2)  ,کارشناسي,  0,پايه,پايه,مختلط, ,0,چهار شنبه15:30 14:00,00:00,"
  /  /  
",طالب تاش محمدرحيم, —— 
91368,آزمايشگاه مدارهاي الكتريكي  ,کارشناسي,  0,تخصصي,تخصصي,مختلط, ,-1,يکشنـــبه17:15 15:45,00:00,"
  /  /  
",اسلامي سيد علي, —— 
91370,آزمايشگاه مدارهاي الكتريكي  ,کارشناسي,  0,تخصصي,تخصصي,مختلط, ,0,يکشنـــبه17:15 15:45,00:00,"
  /  /  
",چوپاني قلعه رودخاني كيوان, —— 
91390,آزمايشگاه مدارهاي الكتريكي  ,کارشناسي,  0,تخصصي,تخصصي,مختلط, ,0,يکشنـــبه15:30 14:00,00:00,"
  /  /  
",اسلامي سيد علي, —— 
91471,آزمايشگاه مدارهاي الكتريكي  ,کارشناسي,  0,تخصصي,تخصصي,مختلط, ,2,چهار شنبه17:15 15:45,00:00,"
  /  /  
",امجديان محسن, —— 
91383,آزمايشگاه مهندسي نرم افزار  ,کارشناسي,  0,تخصصي,تخصصي,مختلط, ,1,سه شنبــه09:30 08:00,00:00,"
  /  /  
",تركاشوند آتنا, —— 
11581,آشنايي بامباني دفاع مقدس  ,کارشناسي,  2,--,--,برادر, ,2,پنج شنـبه19:00 17:30 کلاس 307f,16:30,"
31/03/99
",وروائي عبدالحسين, —— 
10584,آشنايي بامباني دفاع مقدس  ,کارشناسي,  2,--,--,برادر, ,0,دوشـــنبه15:30 14:00 کلاس 3علوم,16:30,"
31/03/99
",نامي محمدرضا, —— 
11192,آمارواحتمالات مهندسي  ,کارشناسي,  3,--,--,مختلط, ,15,سه شنبــه10:15 08:00 کلاس 114b,08:00,"
04/04/99
",مغناطيسي زهرا, —— 
11194,آمارواحتمالات مهندسي  ,کارشناسي,  3,--,--,مختلط, ,0,سه شنبــه16:15 14:00 کلاس 206علوم,08:00,"
04/04/99
",خدابين مرتضي, —— 
11196,آمارواحتمالات مهندسي  ,کارشناسي,  3,--,--,مختلط, ,20,يکشنـــبه10:15 08:00 کلاس 114b,08:00,"
04/04/99
",مغناطيسي زهرا, —— 
91369,آزمايشگاه مدارهاي الكتريكي  ,کارشناسي,  0,تخصصي,تخصصي,مختلط, ,0,شنبـــــه09:30 08:00,00:00,"
  /  /  
",الياسي علي, —— 
91371,آزمايشگاه مدارهاي الكتريكي  ,کارشناسي,  0,تخصصي,تخصصي,مختلط, ,0,يکشنـــبه11:30 10:15,00:00,"
  /  /  
",چوپاني قلعه رودخاني كيوان, —— 
91470,آزمايشگاه مدارهاي الكتريكي  ,کارشناسي,  0,تخصصي,تخصصي,مختلط, ,1,چهار شنبه15:30 14:00,00:00,"
  /  /  
",امجديان محسن, —— 
91511,آزمايشگاه مدارهاي الكتريكي  ,کارشناسي,  0,تخصصي,تخصصي,مختلط, ,4,چهار شنبه11:15 09:45,00:00,"
  /  /  
",يزدان پناه گوهرريزي آرش, —— 
91384,آزمايشگاه مهندسي نرم افزار  ,کارشناسي,  0,تخصصي,تخصصي,مختلط, ,0,سه شنبــه11:00 09:30,00:00,"
  /  /  
",تركاشوند آتنا, —— 
10581,آشنايي بامباني دفاع مقدس  ,کارشناسي,  2,--,--,برادر, ,0,پنج شنـبه13:00 11:30 کلاس 307f,16:30,"
31/03/99
",وروائي عبدالحسين, —— 
11619,آشنايي بامباني دفاع مقدس  ,کارشناسي,  2,--,--,برادر, ,0,چهار شنبه17:15 15:45 کلاس 4علوم,16:30,"
31/03/99
",گوديني محمدحسين, —— 
11193,آمارواحتمالات مهندسي  ,کارشناسي,  3,--,--,مختلط, ,13,سه شنبــه12:45 10:30 کلاس 114b,08:00,"
04/04/99
",مغناطيسي زهرا, —— 
11195,آمارواحتمالات مهندسي  ,کارشناسي,  3,--,--,مختلط, ,1,چهار شنبه19:00 16:30 کلاس a5,08:00,"
04/04/99
",وزيري زهره, —— 
11197,آمارواحتمالات مهندسي  ,کارشناسي,  3,--,--,مختلط, ,6,يکشنـــبه12:45 10:30 کلاس 114b,08:00,"
04/04/99
",مغناطيسي زهرا, —— 
11198,آمارواحتمالات مهندسي  ,کارشناسي,  3,--,--,مختلط, ,0,شنبـــــه16:15 14:00 کلاس 4علوم,08:00,"
04/04/99
",خدابين مرتضي, —— 
11201,آمارواحتمالات مهندسي  ,کارشناسي,  3,--,--,مختلط, ,0,چهار شنبه12:45 10:30 کلاس 4علوم,08:00,"
04/04/99
",خدابين مرتضي, —— 
91220,اصول طراحي كامپايلر  ,کارشناسي,  3,--,--,مختلط, ,6,سه شنبــه16:15 14:00 کلاس 301f,08:00,"
25/03/99
",الماسي ساناز, —— 
91222,اصول طراحي كامپايلر  ,کارشناسي,  3,--,--,مختلط, ,0,يکشنـــبه16:15 14:00 کلاس 301f,08:00,"
25/03/99
",باغباني مجتبي, —— 
91508,اصول طراحي كامپايلر  ,کارشناسي,  3,--,--,مختلط, ,0,شنبـــــه12:45 10:30 کلاس 103f,08:00,"
25/03/99
",باغباني مجتبي, —— 
91505,اقتصاد مهندسي  ,کارشناسي,  3,--,--,مختلط, ,16,دوشـــنبه19:00 16:45 کلاس 116b,14:00,"
25/03/99
",احمدي رضا, —— 
91293,اقتصاد مهندسي  ,کارشناسي,  3,--,--,مختلط, ,1,پنج شنـبه12:45 10:30 کلاس 301f,14:00,"
25/03/99
",باقري نخجوانلو بشير, —— 
91412,پروژه نرم افزار  ,کارشناسي,  0,تخصصي,تخصصي,مختلط, ,0, ,00:00,"
  /  /  
",اسبقي شبنم, —— 
91414,پروژه نرم افزار  ,کارشناسي,  0,تخصصي,تخصصي,مختلط, ,0, ,00:00,"
  /  /  
",باستان فرد اعظم, —— 
91416,پروژه نرم افزار  ,کارشناسي,  0,تخصصي,تخصصي,مختلط, ,0, ,00:00,"
  /  /  
",خليليان مجيد, —— 
11200,آمارواحتمالات مهندسي  ,کارشناسي,  3,--,--,مختلط, ,14,شنبـــــه10:15 08:00 کلاس a6,08:00,"
04/04/99
",مغناطيسي زهرا, —— 
91219,اصول طراحي كامپايلر  ,کارشناسي,  3,--,--,مختلط, ,10,سه شنبــه10:15 08:00 کلاس 303f,08:00,"
25/03/99
",الماسي ساناز, —— 
91221,اصول طراحي كامپايلر  ,کارشناسي,  3,--,--,مختلط, ,0,شنبـــــه18:45 16:30 کلاس 102f,08:00,"
25/03/99
",باغباني مجتبي, —— 
91223,اصول طراحي كامپايلر  ,کارشناسي,  3,--,--,مختلط, ,0,يکشنـــبه18:45 16:30 کلاس 301f,08:00,"
25/03/99
",باغباني مجتبي, —— 
91514,اقتصاد مهندسي  ,کارشناسي,  3,--,--,مختلط, ,4,يکشنـــبه16:15 14:00 کلاس 6علوم,10:30,"
03/04/99
",نصيري كاشاني كاظم, —— 
91292,اقتصاد مهندسي  ,کارشناسي,  3,--,--,مختلط, ,2,پنج شنـبه10:15 08:00 کلاس 301f,14:00,"
25/03/99
",باقري نخجوانلو بشير, —— 
91294,اقتصاد مهندسي  ,کارشناسي,  3,--,--,مختلط, ,0,پنج شنـبه16:15 14:00 کلاس 301f,14:00,"
25/03/99
",باقري نخجوانلو بشير, —— 
91413,پروژه نرم افزار  ,کارشناسي,  0,تخصصي,تخصصي,مختلط, ,0, ,00:00,"
  /  /  
",اميني امينه, —— 
91415,پروژه نرم افزار  ,کارشناسي,  0,تخصصي,تخصصي,مختلط, ,0, ,00:00,"
  /  /  
",پيشوايي عبدالرضا, —— 
91417,پروژه نرم افزار  ,کارشناسي,  0,تخصصي,تخصصي,مختلط, ,0, ,00:00,"
  /  /  
",صالحي فريبا, —— 
91418,پروژه نرم افزار  ,کارشناسي,  0,تخصصي,تخصصي,مختلط, ,0, ,00:00,"
  /  /  
",صبوحي هادي, —— 
91420,پروژه نرم افزار  ,کارشناسي,  0,تخصصي,تخصصي,مختلط, ,0, ,00:00,"
  /  /  
",محمدزاده جواد, —— 
91422,پروژه نرم افزار  ,کارشناسي,  0,تخصصي,تخصصي,مختلط, ,0, ,00:00,"
  /  /  
",نحوي بهناز, —— 
91481,پروژه نرم افزار  ,کارشناسي,  0,تخصصي,تخصصي,مختلط, ,0, ,00:00,"
  /  /  
",سرشار محمدرضا, —— 
91492,پروژه نرم افزار  ,کارشناسي,  0,تخصصي,تخصصي,مختلط, ,0, ,00:00,"
  /  /  
",اسبقي شبنم, —— 
91524,پروژه نرم افزار  ,کارشناسي,  0,تخصصي,تخصصي,مختلط, ,0, ,00:00,"
  /  /  
",صبوحي هادي, —— 
91485,روش پژوهش و ارائه  ,کارشناسي,  2,--,--,مختلط, ,15,دوشـــنبه17:15 15:45 کلاس 303f,14:00,"
27/03/99
",سيدمسگري شاهين, —— 
91309,روش پژوهش و ارائه  ,کارشناسي,  2,--,--,مختلط, ,1,دوشـــنبه09:30 08:00 کلاس 117b,14:00,"
27/03/99
",سيدمسگري شاهين, —— 
91311,روش پژوهش و ارائه  ,کارشناسي,  2,--,--,مختلط, ,1,دوشـــنبه13:00 11:30 کلاس 117b,14:00,"
27/03/99
",سيدمسگري شاهين, —— 
11097,رياضي عمومي 1  ,کارشناسي,  3,--,--,مختلط, ,0,شنبـــــه12:45 10:30 کلاس 114b,10:30,"
24/03/99
",رضابيك سعيده, —— 
91419,پروژه نرم افزار  ,کارشناسي,  0,تخصصي,تخصصي,مختلط, ,0, ,00:00,"
  /  /  
",فتحي رضا, —— 
91421,پروژه نرم افزار  ,کارشناسي,  0,تخصصي,تخصصي,مختلط, ,0, ,00:00,"
  /  /  
",احمدنائيني محمد, —— 
91423,پروژه نرم افزار  ,کارشناسي,  0,تخصصي,تخصصي,مختلط, ,0, ,00:00,"
  /  /  
",نيك روان شلماني عليرضا, —— 
91454,پروژه نرم افزار  ,کارشناسي,  0,تخصصي,تخصصي,مختلط, ,0, ,00:00,"
  /  /  
",باغباني مجتبي, —— 
91523,پروژه نرم افزار  ,کارشناسي,  0,تخصصي,تخصصي,مختلط, ,0, ,00:00,"
  /  /  
",اميني امينه, —— 
91484,روش پژوهش و ارائه  ,کارشناسي,  2,--,--,مختلط, ,0,دوشـــنبه15:30 14:00 کلاس 303f,14:00,"
27/03/99
",سيدمسگري شاهين, —— 
91308,روش پژوهش و ارائه  ,کارشناسي,  2,--,--,مختلط, ,0,يکشنـــبه15:30 14:00 کلاس 118b,14:00,"
27/03/99
",سيدمسگري شاهين, —— 
91310,روش پژوهش و ارائه  ,کارشناسي,  2,--,--,مختلط, ,0,دوشـــنبه11:15 09:45 کلاس 117b,14:00,"
27/03/99
",سيدمسگري شاهين, —— 
11096,رياضي عمومي 1  ,کارشناسي,  3,--,--,مختلط, ,0,پنج شنـبه19:00 16:30 کلاس 113b,14:00,"
24/03/99
",صمدپورخليفه محله وحيد, —— 
11098,رياضي عمومي 1  ,کارشناسي,  3,--,--,مختلط, ,0,شنبـــــه19:00 16:30 کلاس 114b,08:00,"
25/03/99
",وزيري زهره, —— 
11099,رياضي عمومي 1  ,کارشناسي,  3,--,--,مختلط, ,0,پنج شنـبه12:45 10:30 کلاس a5,16:30,"
24/03/99
",گودرزي حجت اله, —— 
11101,رياضي عمومي 1  ,کارشناسي,  3,--,--,مختلط, ,0,دوشـــنبه12:45 10:30 کلاس 114b,08:00,"
24/03/99
",حسيني سيدامير, —— 
11103,رياضي عمومي 1  ,کارشناسي,  3,--,--,مختلط, ,0,چهار شنبه12:45 10:30 کلاس a5,14:00,"
24/03/99
",فرهاد ويولت, —— 
11105,رياضي عمومي 1  ,کارشناسي,  3,--,--,مختلط, ,0,چهار شنبه12:45 10:30 کلاس 114b,08:00,"
25/03/99
",محمودي كليان فاطمه, —— 
11107,رياضي عمومي 1  ,کارشناسي,  3,--,--,مختلط, ,0,پنج شنـبه16:15 14:00 کلاس 7علوم,14:00,"
24/03/99
",شجاعي بهروز, —— 
11109,رياضي عمومي 1  ,کارشناسي,  3,--,--,مختلط, ,0,شنبـــــه12:45 10:30 کلاس 120b,10:30,"
24/03/99
",سالكي فائزه, —— 
11111,رياضي عمومي 1  ,کارشناسي,  3,--,--,مختلط, ,0,يکشنـــبه12:45 10:30 کلاس 120b,08:00,"
24/03/99
",خلفي فريبا, —— 
11113,رياضي عمومي 1  ,کارشناسي,  3,--,--,مختلط, ,0,دوشـــنبه19:00 16:30 کلاس 120b,16:30,"
24/03/99
",كلهر امير, —— 
11115,رياضي عمومي 1  ,کارشناسي,  3,--,--,مختلط, ,1,چهار شنبه12:45 10:30 کلاس 120b,08:00,"
25/03/99
",ميثم منتظر, —— 
11117,رياضي عمومي 1  ,کارشناسي,  3,--,--,مختلط, ,0,دوشـــنبه12:45 10:30 کلاس 120b,16:30,"
24/03/99
",گل گويي فرزام, —— 
11100,رياضي عمومي 1  ,کارشناسي,  3,--,--,مختلط, ,1,پنج شنـبه19:00 16:30 کلاس a5,16:30,"
24/03/99
",گودرزي حجت اله, —— 
11102,رياضي عمومي 1  ,کارشناسي,  3,--,--,مختلط, ,0,دوشـــنبه19:00 16:30 کلاس 114b,10:30,"
24/03/99
",رحيميان محمد, —— 
11104,رياضي عمومي 1  ,کارشناسي,  3,--,--,مختلط, ,0,سه شنبــه19:00 16:30 کلاس 114b,16:30,"
24/03/99
",محسني زاده محمدرضا, —— 
11106,رياضي عمومي 1  ,کارشناسي,  3,--,--,مختلط, ,0,چهار شنبه19:00 16:30 کلاس 114b,16:30,"
24/03/99
",فلاح پور محسن, —— 
11108,رياضي عمومي 1  ,کارشناسي,  3,--,--,مختلط, ,0,پنج شنـبه19:00 16:30 کلاس 114b,08:00,"
24/03/99
",پيرمحمدي سميه, —— 
11110,رياضي عمومي 1  ,کارشناسي,  3,--,--,مختلط, ,0,شنبـــــه19:00 16:30 کلاس 120b,10:30,"
24/03/99
",رزاقي حميد, —— 
11112,رياضي عمومي 1  ,کارشناسي,  3,--,--,مختلط, ,0,يکشنـــبه19:00 16:30 کلاس 120b,08:00,"
25/03/99
",يوسفي مهدي, —— 
11114,رياضي عمومي 1  ,کارشناسي,  3,--,--,مختلط, ,0,سه شنبــه12:45 10:30 کلاس 120b,14:00,"
24/03/99
",عزيزي رزا, —— 
11116,رياضي عمومي 1  ,کارشناسي,  3,--,--,مختلط, ,0,چهار شنبه19:00 16:30 کلاس 120b,08:00,"
24/03/99
",پيرمحمدي سميه, —— 
10096,رياضي عمومي 1  ,کارشناسي,  3,--,--,مختلط, ,0,پنج شنـبه16:15 14:00 کلاس 113b,14:00,"
24/03/99
",صمدپورخليفه محله وحيد, —— 
10099,رياضي عمومي 1  ,کارشناسي,  3,--,--,مختلط, ,0,پنج شنـبه10:15 08:00 کلاس a5,16:30,"
24/03/99
",گودرزي حجت اله, —— 
10101,رياضي عمومي 1  ,کارشناسي,  3,--,--,مختلط, ,0,دوشـــنبه10:15 08:00 کلاس 114b,08:00,"
24/03/99
",حسيني سيدامير, —— 
10103,رياضي عمومي 1  ,کارشناسي,  3,--,--,مختلط, ,0,چهار شنبه10:15 08:00 کلاس a5,14:00,"
24/03/99
",فرهاد ويولت, —— 
10106,رياضي عمومي 1  ,کارشناسي,  3,--,--,مختلط, ,1,چهار شنبه16:15 14:00 کلاس 120b,16:30,"
24/03/99
",فلاح پور محسن, —— 
10110,رياضي عمومي 1  ,کارشناسي,  3,--,--,مختلط, ,0,شنبـــــه16:15 14:00 کلاس 120b,10:30,"
24/03/99
",رزاقي حميد, —— 
10114,رياضي عمومي 1  ,کارشناسي,  3,--,--,مختلط, ,0,سه شنبــه10:15 08:00 کلاس 120b,14:00,"
24/03/99
",عزيزي رزا, —— 
10117,رياضي عمومي 1  ,کارشناسي,  3,--,--,مختلط, ,0,دوشـــنبه10:15 08:00 کلاس 120b,16:30,"
24/03/99
",گل گويي فرزام, —— 
10119,رياضي عمومي 1  ,کارشناسي,  3,--,--,مختلط, ,0,دوشـــنبه10:15 08:00 کلاس a3,10:30,"
24/03/99
",رضابيك سعيده, —— 
10121,رياضي عمومي 1  ,کارشناسي,  3,--,--,مختلط, ,0,دوشـــنبه10:15 08:00 کلاس 107f,16:30,"
24/03/99
",كاظمي متين رضا, —— 
10124,رياضي عمومي 2  ,کارشناسي,  3,--,--,مختلط, ,0,شنبـــــه16:15 14:00 کلاس 111b,16:30,"
29/03/99
",ميروكيلي منيرالسادات, —— 
10100,رياضي عمومي 1  ,کارشناسي,  3,--,--,مختلط, ,1,پنج شنـبه16:15 14:00 کلاس a6,16:30,"
24/03/99
",گودرزي حجت اله, —— 
10102,رياضي عمومي 1  ,کارشناسي,  3,--,--,مختلط, ,0,دوشـــنبه16:15 14:00 کلاس 114b,10:30,"
24/03/99
",رحيميان محمد, —— 
10104,رياضي عمومي 1  ,کارشناسي,  3,--,--,مختلط, ,0,سه شنبــه16:15 14:00 کلاس 114b,16:30,"
24/03/99
",محسني زاده محمدرضا, —— 
10107,رياضي عمومي 1  ,کارشناسي,  3,--,--,مختلط, ,0,پنج شنـبه19:00 16:30 کلاس a2,16:30,"
24/03/99
",سجادي راد عليادخت, —— 
10113,رياضي عمومي 1  ,کارشناسي,  3,--,--,مختلط, ,0,دوشـــنبه16:15 14:00 کلاس 120b,16:30,"
24/03/99
",كلهر امير, —— 
10115,رياضي عمومي 1  ,کارشناسي,  3,--,--,مختلط, ,0,چهار شنبه10:15 08:00 کلاس 120b,08:00,"
25/03/99
",ميثم منتظر, —— 
10118,رياضي عمومي 1  ,کارشناسي,  3,--,--,مختلط, ,0,پنج شنـبه16:15 14:00 کلاس a2,16:30,"
24/03/99
",سجادي راد عليادخت, —— 
10120,رياضي عمومي 1  ,کارشناسي,  3,--,--,مختلط, ,0,يکشنـــبه10:15 08:00 کلاس a3,16:30,"
24/03/99
",مهشيد ميركيسان, —— 
10123,رياضي عمومي 2  ,کارشناسي,  3,--,--,مختلط, ,3,پنج شنـبه16:15 14:00 کلاس 120b,14:00,"
29/03/99
",سادات حسيني سيده بنت الهدي, —— 
10125,رياضي عمومي 2  ,کارشناسي,  3,--,--,مختلط, ,24,يکشنـــبه10:15 08:00 کلاس a1,10:30,"
29/03/99
",خاتمي حميدرضا, —— 
10126,رياضي عمومي 2  ,کارشناسي,  3,--,--,مختلط, ,16,يکشنـــبه16:15 14:00 کلاس a1,10:30,"
29/03/99
",خاتمي حميدرضا, —— 
10128,رياضي عمومي 2  ,کارشناسي,  3,--,--,مختلط, ,0,دوشـــنبه16:15 14:00 کلاس a1,08:00,"
29/03/99
",ارژنگ اصغر, —— 
10132,رياضي عمومي 2  ,کارشناسي,  3,--,--,مختلط, ,20,چهار شنبه16:15 14:00 کلاس 6علوم,14:00,"
29/03/99
",شجاعي بهروز, —— 
10134,رياضي عمومي 2  ,کارشناسي,  3,--,--,مختلط, ,0,يکشنـــبه16:15 14:00 کلاس 114b,16:30,"
31/03/99
",يوسفي اسماعيل, —— 
10139,رياضي عمومي 2  ,کارشناسي,  3,--,--,مختلط, ,34,سه شنبــه10:15 08:00 کلاس a2,10:30,"
29/03/99
",خاتمي حميدرضا, —— 
11123,رياضي عمومي 2  ,کارشناسي,  3,--,--,مختلط, ,0,پنج شنـبه12:45 10:30 کلاس 120b,14:00,"
29/03/99
",صفري فرزانه, —— 
11125,رياضي عمومي 2  ,کارشناسي,  3,--,--,مختلط, ,3,شنبـــــه19:00 16:30 کلاس a1,16:30,"
29/03/99
",صمدپورخليفه محله وحيد, —— 
11127,رياضي عمومي 2  ,کارشناسي,  3,--,--,مختلط, ,0,يکشنـــبه19:00 16:30 کلاس a1,16:30,"
29/03/99
",محمودي كليان فاطمه, —— 
11129,رياضي عمومي 2  ,کارشناسي,  3,--,--,مختلط, ,8,پنج شنـبه18:45 16:30 کلاس 7علوم,14:00,"
29/03/99
",شجاعي بهروز, —— 
11131,رياضي عمومي 2  ,کارشناسي,  3,--,--,مختلط, ,0,چهار شنبه12:45 10:30 کلاس a3,08:00,"
31/03/99
",مقصودي شورابي داود, —— 
10127,رياضي عمومي 2  ,کارشناسي,  3,--,--,مختلط, ,0,دوشـــنبه10:15 08:00 کلاس a1,08:00,"
29/03/99
",ارژنگ اصغر, —— 
10130,رياضي عمومي 2  ,کارشناسي,  3,--,--,مختلط, ,0,چهار شنبه10:15 08:00 کلاس a3,08:00,"
31/03/99
",مقصودي شورابي داود, —— 
10133,رياضي عمومي 2  ,کارشناسي,  3,--,--,مختلط, ,2,شنبـــــه10:15 08:00 کلاس a2,10:30,"
29/03/99
",خضرلو سعيد, —— 
10138,رياضي عمومي 2  ,کارشناسي,  3,--,--,مختلط, ,5,چهار شنبه19:00 16:30 کلاس a4,16:30,"
29/03/99
",صمدپورخليفه محله وحيد, —— 
10141,رياضي عمومي 2  ,کارشناسي,  3,--,--,مختلط, ,2,شنبـــــه10:15 08:00 کلاس 1علوم,14:00,"
29/03/99
",فرخي هرسيني پروانه, —— 
11124,رياضي عمومي 2  ,کارشناسي,  3,--,--,مختلط, ,3,پنج شنـبه19:00 16:30 کلاس 120b,14:00,"
29/03/99
",سادات حسيني سيده بنت الهدي, —— 
11126,رياضي عمومي 2  ,کارشناسي,  3,--,--,مختلط, ,22,يکشنـــبه12:45 10:30 کلاس a1,10:30,"
29/03/99
",خاتمي حميدرضا, —— 
11128,رياضي عمومي 2  ,کارشناسي,  3,--,--,مختلط, ,0,دوشـــنبه12:45 10:30 کلاس a1,08:00,"
29/03/99
",ارژنگ اصغر, —— 
11130,رياضي عمومي 2  ,کارشناسي,  3,--,--,مختلط, ,0,سه شنبــه19:00 16:30 کلاس a1,14:00,"
29/03/99
",دره شيري شايسته, —— 
11132,رياضي عمومي 2  ,کارشناسي,  3,--,--,مختلط, ,0,چهار شنبه12:45 10:30 کلاس 1علوم,16:30,"
29/03/99
",فرخي هرسيني پروانه, —— 
11133,رياضي عمومي 2  ,کارشناسي,  3,--,--,مختلط, ,2,چهار شنبه19:00 16:30 کلاس a1,16:30,"
29/03/99
",اسلامي ربابه, —— 
11135,رياضي عمومي 2  ,کارشناسي,  3,--,--,مختلط, ,0,شنبـــــه19:00 16:30 کلاس a2,16:30,"
29/03/99
",ميروكيلي منيرالسادات, —— 
11137,رياضي عمومي 2  ,کارشناسي,  3,--,--,مختلط, ,0,دوشـــنبه12:45 10:30 کلاس a2,08:00,"
31/03/99
",مقصودي شورابي داود, —— 
11139,رياضي عمومي 2  ,کارشناسي,  3,--,--,مختلط, ,0,سه شنبــه12:45 10:30 کلاس a2,08:00,"
31/03/99
",مومن نژاداسطلكي زهرا, —— 
11141,رياضي عمومي 2  ,کارشناسي,  3,--,--,مختلط, ,0,شنبـــــه12:45 10:30 کلاس 1علوم,14:00,"
29/03/99
",فرخي هرسيني پروانه, —— 
91335,رياضيات مهندسي  ,کارشناسي,  3,--,--,مختلط, ,0,سه شنبــه18:45 16:30 کلاس 301f,10:30,"
03/04/99
",هاشمي زاده الهام السادات, —— 
91337,رياضيات مهندسي  ,کارشناسي,  3,--,--,مختلط, ,0,چهار شنبه12:45 10:30 کلاس a4,10:30,"
03/04/99
",عزتي رضا, —— 
91479,رياضيات مهندسي  ,کارشناسي,  3,--,--,مختلط, ,0,چهار شنبه18:45 16:30 کلاس 116b,10:30,"
03/04/99
",معدن دار فاطمه, —— 
91491,ريزپردازنده و زبان اسمبلي  ,کارشناسي,  3,--,--,مختلط, ,0,سه شنبــه16:30 14:15 کلاس 303f,08:00,"
24/03/99
",ربيعي حميدرضا, —— 
91408,ريزپردازنده و زبان اسمبلي  ,کارشناسي,  3,--,--,مختلط, ,0,شنبـــــه18:45 16:30 کلاس 301f,08:00,"
24/03/99
",ربيعي حميدرضا, —— 
11134,رياضي عمومي 2  ,کارشناسي,  3,--,--,مختلط, ,0,شنبـــــه12:45 10:30 کلاس a2,10:30,"
29/03/99
",خضرلو سعيد, —— 
11136,رياضي عمومي 2  ,کارشناسي,  3,--,--,مختلط, ,0,يکشنـــبه12:45 10:30 کلاس a2,08:00,"
29/03/99
",آزادگان الهام, —— 
11138,رياضي عمومي 2  ,کارشناسي,  3,--,--,مختلط, ,0,دوشـــنبه19:00 16:30 کلاس a2,08:00,"
31/03/99
",مقصودي شورابي داود, —— 
11140,رياضي عمومي 2  ,کارشناسي,  3,--,--,مختلط, ,1,سه شنبــه19:00 16:30 کلاس a2,08:00,"
31/03/99
",مومن نژاداسطلكي زهرا, —— 
91334,رياضيات مهندسي  ,کارشناسي,  3,--,--,مختلط, ,0,سه شنبــه16:15 14:00 کلاس 116b,10:30,"
03/04/99
",هاشمي زاده الهام السادات, —— 
91336,رياضيات مهندسي  ,کارشناسي,  3,--,--,مختلط, ,0,سه شنبــه19:00 16:30 کلاس a4,10:30,"
03/04/99
",دريلي قوجالار حسام الدين, —— 
91478,رياضيات مهندسي  ,کارشناسي,  3,--,--,مختلط, ,8,يکشنـــبه16:15 14:00 کلاس a5,10:30,"
03/04/99
",ميروكيلي منيرالسادات, —— 
91493,رياضيات مهندسي  ,کارشناسي,  3,--,--,مختلط, ,-1,سه شنبــه16:15 14:00 کلاس 6علوم,10:30,"
03/04/99
",دريلي قوجالار حسام الدين, —— 
91453,ريزپردازنده و زبان اسمبلي  ,کارشناسي,  3,--,--,مختلط, ,0,شنبـــــه16:15 14:00 کلاس 108پرستاري,08:00,"
24/03/99
",ربيعي حميدرضا, —— 
91215,ريزپردازنده و زبان اسمبلي  ,کارشناسي,  3,--,--,مختلط, ,11,سه شنبــه10:15 08:00 کلاس 300f,08:00,"
24/03/99
",پيشوايي عبدالرضا, —— 
91216,ريزپردازنده و زبان اسمبلي  ,کارشناسي,  3,--,--,مختلط, ,15,سه شنبــه12:45 10:30 کلاس 300f,08:00,"
24/03/99
",پيشوايي عبدالرضا, —— 
91218,ريزپردازنده و زبان اسمبلي  ,کارشناسي,  3,--,--,مختلط, ,7,چهار شنبه16:15 14:00 کلاس 303f,08:00,"
24/03/99
",پيشوايي عبدالرضا, —— 
91486,سيستم هاي اطلاعات مديريت  ,کارشناسي,  3,--,--,مختلط, ,28,سه شنبــه18:45 16:30 کلاس 203f,14:00,"
26/03/99
",فلاح نژاد عباس, —— 
91302,سيستم هاي عامل  ,کارشناسي,  3,--,--,مختلط, ,15,چهار شنبه10:15 08:00 کلاس 117b,14:00,"
19/03/99
",صالحي فريبا, —— 
91304,سيستم هاي عامل  ,کارشناسي,  3,--,--,مختلط, ,1,يکشنـــبه12:45 10:30 کلاس 117b,14:00,"
19/03/99
",حريفي ساسان, —— 
91306,سيگنالها و سيستم ها  ,کارشناسي,  3,--,--,مختلط, ,0,دوشـــنبه16:15 14:00 کلاس 300f,10:30,"
31/03/99
",خورشيد طلب آيدا, —— 
91489,سيگنالها و سيستم ها  ,کارشناسي,  3,--,--,مختلط, ,0,شنبـــــه18:45 16:30 کلاس 201f,10:30,"
31/03/99
",امجديان محسن, —— 
91456,سيگنالها و سيستم ها  ,کارشناسي,  3,--,--,مختلط, ,12,يکشنـــبه10:30 08:   کلاس 202f,08:00,"
01/04/99
",فرجادي نسب محمدرضا, —— 
91344,طراحي زبان هاي برنامه سازي  ,کارشناسي,  3,--,--,مختلط, ,0,يکشنـــبه12:45 10:30,10:30,"
25/03/99
",باغباني مجتبي, —— 
91498,طراحي كامپيوتري سيستم هاي ديجيتال  ,کارشناسي,  3,--,--,مختلط, ,6,شنبـــــه16:30 14:00 کلاس a4,08:00,"
21/03/99
",الياسي علي, —— 
91217,ريزپردازنده و زبان اسمبلي  ,کارشناسي,  3,--,--,مختلط, ,5,چهار شنبه10:15 08:00 کلاس 301f,08:00,"
24/03/99
",پيشوايي عبدالرضا, —— 
91288,سيستم هاي اطلاعات مديريت  ,کارشناسي,  3,--,--,مختلط, ,0,سه شنبــه18:45 16:30 کلاس 116b,14:00,"
26/03/99
",انشائي محمد وحيد, —— 
91300,سيستم هاي عامل  ,کارشناسي,  3,--,--,مختلط, ,2,سه شنبــه12:45 10:30 کلاس 303f,14:00,"
19/03/99
",الماسي ساناز, —— 
91303,سيستم هاي عامل  ,کارشناسي,  3,--,--,مختلط, ,0,يکشنـــبه10:15 08:00 کلاس 117b,14:00,"
19/03/99
",حريفي ساسان, —— 
91305,سيگنالها و سيستم ها  ,کارشناسي,  3,--,--,مختلط, ,0,يکشنـــبه16:15 14:00 کلاس 304f,10:30,"
31/03/99
",خورشيد طلب آيدا, —— 
91307,سيگنالها و سيستم ها  ,کارشناسي,  3,--,--,مختلط, ,0,چهار شنبه16:15 14:00 کلاس 117b,10:30,"
31/03/99
",خورشيد طلب آيدا, —— 
91474,سيگنالها و سيستم ها  ,کارشناسي,  3,--,--,مختلط, ,9,چهار شنبه16:15 14:00 کلاس 201f,10:30,"
31/03/99
",دهقاني تفتي عبدالرضا, —— 
91343,طراحي زبان هاي برنامه سازي  ,کارشناسي,  3,--,--,مختلط, ,0,شنبـــــه16:15 14:00 کلاس 301f,10:30,"
25/03/99
",باغباني مجتبي, —— 
91506,طراحي زبان هاي برنامه سازي  ,کارشناسي,  3,--,--,مختلط, ,11,دوشـــنبه10:15 08:00 کلاس 1علوم,10:30,"
25/03/99
",سرشار محمدرضا, —— 
91347,طراحي كامپيوتري سيستم هاي ديجيتال  ,کارشناسي,  3,--,--,مختلط, ,0,يکشنـــبه12:45 10:30 کلاس 103f,08:00,"
21/03/99
",خورشيد طلب آيدا, —— 
91348,طراحي كامپيوتري سيستم هاي ديجيتال  ,کارشناسي,  3,--,--,مختلط, ,1,دوشـــنبه12:45 10:30 کلاس 116b,08:00,"
21/03/99
",خورشيد طلب آيدا, —— 
91350,طراحي كامپيوتري سيستم هاي ديجيتال  ,کارشناسي,  3,--,--,مختلط, ,0,شنبـــــه10:15 08:00 کلاس 302f,08:00,"
21/03/99
",شميراني حميدرضالطفعلي, —— 
11053,فيزيك (1).   ,کارشناسي,  3,--,--,مختلط, ,0,شنبـــــه19:00 16:30 کلاس 111b,16:30,"
26/03/99
",نيلفروشان دردشتي بهنام, —— 
11055,فيزيك (1).   ,کارشناسي,  3,--,--,مختلط, ,16,يکشنـــبه19:00 16:30 کلاس 111b,16:30,"
26/03/99
",محمودي عظيم, —— 
11057,فيزيك (1).   ,کارشناسي,  3,--,--,مختلط, ,0,دوشـــنبه19:00 16:30 کلاس 111b,08:00,"
26/03/99
",البرزي اوانكي زهرا, —— 
11059,فيزيك (1).   ,کارشناسي,  3,--,--,مختلط, ,0,سه شنبــه19:00 16:30 کلاس 111b,10:30,"
26/03/99
",نيك خواه لاله, —— 
11061,فيزيك (1).   ,کارشناسي,  3,--,--,مختلط, ,9,چهار شنبه19:00 16:30 کلاس 111b,16:30,"
26/03/99
",محمودي عظيم, —— 
11063,فيزيك (1).   ,کارشناسي,  3,--,--,مختلط, ,2,پنج شنـبه19:00 16:30 کلاس 111b,10:30,"
26/03/99
",ترابي فاطمه, —— 
11066,فيزيك (1).   ,کارشناسي,  3,--,--,مختلط, ,17,يکشنـــبه19:00 16:30 کلاس 112b,10:30,"
26/03/99
",ملهم حسين, —— 
11068,فيزيك (1).   ,کارشناسي,  3,--,--,مختلط, ,0,دوشـــنبه19:00 16:30 کلاس a1,10:30,"
26/03/99
",ترابي بشكاني الهه سادات, —— 
91349,طراحي كامپيوتري سيستم هاي ديجيتال  ,کارشناسي,  3,--,--,مختلط, ,1,چهار شنبه12:45 10:30 کلاس 117b,08:00,"
21/03/99
",خورشيد طلب آيدا, —— 
11052,فيزيك (1).   ,کارشناسي,  3,--,--,مختلط, ,0,شنبـــــه12:45 10:30 کلاس a1,16:30,"
26/03/99
",محمودي داريان معصومه, —— 
11054,فيزيك (1).   ,کارشناسي,  3,--,--,مختلط, ,0,يکشنـــبه12:45 10:30 کلاس 111b,08:00,"
26/03/99
",ايماني خديجه, —— 
11056,فيزيك (1).   ,کارشناسي,  3,--,--,مختلط, ,0,دوشـــنبه12:45 10:30 کلاس a5,14:00,"
26/03/99
",رنجگر آيرين, —— 
11058,فيزيك (1).   ,کارشناسي,  3,--,--,مختلط, ,0,سه شنبــه12:45 10:30 کلاس 111b,08:00,"
26/03/99
",بوستان الهام, —— 
11060,فيزيك (1).   ,کارشناسي,  3,--,--,مختلط, ,0,چهار شنبه12:45 10:30 کلاس 111b,14:00,"
26/03/99
",قرآن نويس زهره, —— 
11062,فيزيك (1).   ,کارشناسي,  3,--,--,مختلط, ,0,پنج شنـبه12:45 10:30 کلاس 306f,14:00,"
26/03/99
",طالب تاش محمدرحيم, —— 
11065,فيزيك (1).   ,کارشناسي,  3,--,--,مختلط, ,0,يکشنـــبه12:45 10:30 کلاس a8,16:30,"
26/03/99
",مرادي محمد, —— 
11067,فيزيك (1).   ,کارشناسي,  3,--,--,مختلط, ,1,دوشـــنبه12:45 10:30 کلاس a8,08:00,"
26/03/99
",بوستان الهام, —— 
10051,فيزيك (1).   ,کارشناسي,  3,--,--,مختلط, ,0,شنبـــــه10:15 08:00 کلاس a1,16:30,"
26/03/99
",محمودي داريان معصومه, —— 
10052,فيزيك (1).   ,کارشناسي,  3,--,--,مختلط, ,1,شنبـــــه16:15 14:00 کلاس a1,16:30,"
26/03/99
",محمودي داريان معصومه, —— 
10055,فيزيك (1).   ,کارشناسي,  3,--,--,مختلط, ,0,دوشـــنبه10:15 08:00 کلاس a5,14:00,"
26/03/99
",رنجگر آيرين, —— 
10057,فيزيك (1).   ,کارشناسي,  3,--,--,مختلط, ,0,سه شنبــه10:15 08:00 کلاس 111b,08:00,"
26/03/99
",بوستان الهام, —— 
10060,فيزيك (1).   ,کارشناسي,  3,--,--,مختلط, ,4,چهار شنبه16:15 14:00 کلاس 111b,16:30,"
26/03/99
",محمودي عظيم, —— 
10062,فيزيك (1).   ,کارشناسي,  3,--,--,مختلط, ,0,پنج شنـبه16:15 14:00 کلاس 111b,10:30,"
26/03/99
",ترابي فاطمه, —— 
10065,فيزيك (1).   ,کارشناسي,  3,--,--,مختلط, ,0,يکشنـــبه16:15 14:00 کلاس 112b,10:30,"
26/03/99
",ملهم حسين, —— 
10067,فيزيك (1).   ,کارشناسي,  3,--,--,مختلط, ,0,دوشـــنبه16:15 14:00 کلاس 117b,08:00,"
26/03/99
",وزيري نيما, —— 
10075,فيزيك (2).   ,کارشناسي,  3,--,--,مختلط, ,0,سه شنبــه12:45 10:30 کلاس a3,10:30,"
02/04/99
",صولتي الميرا, —— 
10077,فيزيك (2).   ,کارشناسي,  3,--,--,مختلط, ,12,چهار شنبه12:45 10:30 کلاس a1,14:00,"
02/04/99
",محمودي داريان معصومه, —— 
10079,فيزيك (2).   ,کارشناسي,  3,--,--,مختلط, ,1,پنج شنـبه12:45 10:30 کلاس 112b,08:00,"
02/04/99
",ايماني خديجه, —— 
10054,فيزيك (1).   ,کارشناسي,  3,--,--,مختلط, ,2,يکشنـــبه16:15 14:00 کلاس 111b,16:30,"
26/03/99
",محمودي عظيم, —— 
10056,فيزيك (1).   ,کارشناسي,  3,--,--,مختلط, ,0,دوشـــنبه16:15 14:00 کلاس a6,14:00,"
26/03/99
",رنجگر آيرين, —— 
10058,فيزيك (1).   ,کارشناسي,  3,--,--,مختلط, ,0,سه شنبــه16:15 14:00 کلاس 111b,10:30,"
26/03/99
",نيك خواه لاله, —— 
10061,فيزيك (1).   ,کارشناسي,  3,--,--,مختلط, ,0,پنج شنـبه10:15 08:00 کلاس 306f,14:00,"
26/03/99
",طالب تاش محمدرحيم, —— 
10064,فيزيك (1).   ,کارشناسي,  3,--,--,مختلط, ,0,يکشنـــبه10:15 08:00 کلاس a8,16:30,"
26/03/99
",مرادي محمد, —— 
10066,فيزيك (1).   ,کارشناسي,  3,--,--,مختلط, ,0,دوشـــنبه10:15 08:00 کلاس a8,08:00,"
26/03/99
",بوستان الهام, —— 
10068,فيزيك (1).   ,کارشناسي,  3,--,--,مختلط, ,0,سه شنبــه10:15 08:00 کلاس a3,14:00,"
26/03/99
",صولتي الميرا, —— 
10076,فيزيك (2).   ,کارشناسي,  3,--,--,مختلط, ,2,سه شنبــه19:00 16:30 کلاس 112b,14:00,"
02/04/99
",البرزي اوانكي زهرا, —— 
10078,فيزيك (2).   ,کارشناسي,  3,--,--,مختلط, ,11,چهار شنبه19:00 16:30 کلاس 112b,16:30,"
02/04/99
",جمشيدي نوشين, —— 
10082,فيزيك (2).   ,کارشناسي,  3,--,--,مختلط, ,0,سه شنبــه16:15 14:00 کلاس 113b,10:30,"
02/04/99
",منصفي مهرداد, —— 
10083,فيزيك (2).   ,کارشناسي,  3,--,--,مختلط, ,0,چهار شنبه16:30 14:15 کلاس 207f,16:30,"
02/04/99
",ياسريان كيومرث, —— 
10086,فيزيك (2).   ,کارشناسي,  3,--,--,مختلط, ,5,شنبـــــه19:00 16:30 کلاس 113b,16:30,"
02/04/99
",ملهم حسين, —— 
10089,فيزيك (2).   ,کارشناسي,  3,--,--,مختلط, ,0,دوشـــنبه12:45 10:30 کلاس 113b,08:00,"
02/04/99
",ايماني خديجه, —— 
11076,فيزيك (2).   ,کارشناسي,  3,--,--,مختلط, ,0,چهار شنبه10:15 08:00 کلاس a1,14:00,"
02/04/99
",محمودي داريان معصومه, —— 
11078,فيزيك (2).   ,کارشناسي,  3,--,--,مختلط, ,0,پنج شنـبه10:15 08:00 کلاس 112b,08:00,"
02/04/99
",ايماني خديجه, —— 
11080,فيزيك (2).   ,کارشناسي,  3,--,--,مختلط, ,0,شنبـــــه16:15 14:00 کلاس 113b,10:30,"
02/04/99
",دژم لعيا, —— 
11083,فيزيك (2).   ,کارشناسي,  3,--,--,مختلط, ,0,دوشـــنبه10:15 08:00 کلاس 113b,08:00,"
02/04/99
",ايماني خديجه, —— 
11085,فيزيك (2).   ,کارشناسي,  3,--,--,مختلط, ,1,دوشـــنبه19:00 16:30 کلاس 113b,16:30,"
02/04/99
",ملهم حسين, —— 
11087,فيزيك (2).   ,کارشناسي,  3,--,--,مختلط, ,0,سه شنبــه19:00 16:30 کلاس 113b,10:30,"
02/04/99
",منصفي مهرداد, —— 
11089,فيزيك (2).   ,کارشناسي,  3,--,--,مختلط, ,0,چهار شنبه19:00 16:30 کلاس 113b,10:30,"
02/04/99
",طالب تاش محمدرحيم, —— 
10084,فيزيك (2).   ,کارشناسي,  3,--,--,مختلط, ,4,چهار شنبه16:15 14:00 کلاس a4,16:30,"
02/04/99
",جمشيدي نوشين, —— 
10088,فيزيك (2).   ,کارشناسي,  3,--,--,مختلط, ,4,يکشنـــبه19:00 16:30 کلاس 113b,16:30,"
02/04/99
",جمشيدي نوشين, —— 
11075,فيزيك (2).   ,کارشناسي,  3,--,--,مختلط, ,0,سه شنبــه16:15 14:00 کلاس a4,10:30,"
02/04/99
",صولتي الميرا, —— 
11077,فيزيك (2).   ,کارشناسي,  3,--,--,مختلط, ,4,چهار شنبه16:15 14:00 کلاس a1,14:00,"
02/04/99
",محمودي داريان معصومه, —— 
11079,فيزيك (2).   ,کارشناسي,  3,--,--,مختلط, ,0,پنج شنـبه16:15 14:00 کلاس 112b,08:00,"
02/04/99
",ايماني خديجه, —— 
11082,فيزيك (2).   ,کارشناسي,  3,--,--,مختلط, ,0,يکشنـــبه16:15 14:00 کلاس 113b,16:30,"
02/04/99
",جمشيدي نوشين, —— 
11084,فيزيك (2).   ,کارشناسي,  3,--,--,مختلط, ,0,دوشـــنبه16:15 14:00 کلاس 113b,16:30,"
02/04/99
",ملهم حسين, —— 
11086,فيزيك (2).   ,کارشناسي,  3,--,--,مختلط, ,0,سه شنبــه12:45 10:30 کلاس 113b,10:30,"
02/04/99
",شمس الدين سيده حديث, —— 
11088,فيزيك (2).   ,کارشناسي,  3,--,--,مختلط, ,0,چهار شنبه12:45 10:30 کلاس 112b,16:30,"
02/04/99
",ياسريان كيومرث, —— 
11090,فيزيك (2).   ,کارشناسي,  3,--,--,مختلط, ,0,پنج شنـبه12:45 10:30 کلاس 113b,14:00,"
02/04/99
",قرآن نويس زهره, —— 
91457,كارآموزي  ,کارشناسي,  0,تخصصي,تخصصي,مختلط, ,0, ,00:00,"
  /  /  
", , —— 
91459,كارآموزي  ,کارشناسي,  0,تخصصي,تخصصي,مختلط, ,1, ,00:00,"
  /  /  
", , —— 
91448,كارآموزي  ,کارشناسي,  0,تخصصي,تخصصي,مختلط, ,0, ,00:00,"
  /  /  
", , —— 
91450,كارآموزي  ,کارشناسي,  0,تخصصي,تخصصي,مختلط, ,0, ,00:00,"
  /  /  
", , —— 
91345,كارگاه برنامه نويسي مت لب  ,کارشناسي,  0,تخصصي,تخصصي,مختلط, ,0,يکشنـــبه13:00 11:30,00:00,"
  /  /  
",چوپاني قلعه رودخاني كيوان, —— 
91327,گرافيك كامپيوتري 1  ,کارشناسي,  3,--,--,مختلط, ,3,پنج شنـبه16:15 14:00 کلاس 302f,10:30,"
03/04/99
",باستان فرد اعظم, —— 
91289,مباحث ويژه1  ,کارشناسي,  3,--,--,مختلط, ,0,شنبـــــه10:15 08:00 کلاس 303f,14:00,"
01/04/99
",فتحي رضا, —— 
91291,مباحث ويژه1  ,کارشناسي,  3,--,--,مختلط, ,0,يکشنـــبه18:45 16:30 کلاس 202f,14:00,"
01/04/99
",نيك روان شلماني عليرضا, —— 
91283,مباني داده كاوي  ,کارشناسي,  3,--,--,مختلط, ,5,چهار شنبه12:45 10:30 کلاس 301f,10:30,"
20/03/99
",خليليان مجيد, —— 
91512,مباني رايانش امن  ,کارشناسي,  3,--,--,مختلط, ,1,شنبـــــه16:15 14:00 کلاس 304f,08:00,"
26/03/99
",ملامطلبي مهدي, —— 
91458,كارآموزي  ,کارشناسي,  0,تخصصي,تخصصي,مختلط, ,0, ,00:00,"
  /  /  
", , —— 
91473,كارآموزي  ,کارشناسي,  0,تخصصي,تخصصي,مختلط, ,12, ,00:00,"
  /  /  
", , —— 
91449,كارآموزي  ,کارشناسي,  0,تخصصي,تخصصي,مختلط, ,0, ,00:00,"
  /  /  
", , —— 
91451,كارآموزي  ,کارشناسي,  0,تخصصي,تخصصي,مختلط, ,0, ,00:00,"
  /  /  
", , —— 
91346,كارگاه برنامه نويسي مت لب  ,کارشناسي,  0,تخصصي,تخصصي,مختلط, ,0,يکشنـــبه15:30 14:00,00:00,"
  /  /  
",چوپاني قلعه رودخاني كيوان, —— 
91388,مباحث ويژه1  ,کارشناسي,  3,--,--,مختلط, ,1,دوشـــنبه16:15 14:00 کلاس 7علوم,14:00,"
01/04/99
",ملامطلبي مهدي, —— 
91290,مباحث ويژه1  ,کارشناسي,  3,--,--,مختلط, ,0,دوشـــنبه12:45 10:30 کلاس 302f,14:00,"
01/04/99
",علي جماعت علي, —— 
91282,مباني داده كاوي  ,کارشناسي,  3,--,--,مختلط, ,0,پنج شنـبه10:15 08:00 کلاس 303f,10:30,"
20/03/99
",اميني امينه, —— 
91284,مباني داده كاوي  ,کارشناسي,  3,--,--,مختلط, ,0,يکشنـــبه10:15 08:00 کلاس 300f,10:30,"
20/03/99
",خليليان مجيد, —— 
91513,مباني رايانش امن  ,کارشناسي,  3,--,--,مختلط, ,0,دوشـــنبه10:15 08:00 کلاس 118b,08:00,"
26/03/99
",ملامطلبي مهدي, —— 
10182,محاسبات عددي   ,کارشناسي,  2,--,--,مختلط, ,26,پنج شنـبه11:15 09:45 کلاس a4,14:00,"
22/03/99
",اسحاقي كناري حسن, —— 
91490,مدارهاي الكتريكي  ,کارشناسي,  3,--,--,مختلط, ,1,پنج شنـبه16:15 14:00 کلاس 3علوم,10:30,"
25/03/99
",اسكندري ناصر, —— 
91297,مدارهاي الكتريكي  ,کارشناسي,  3,--,--,مختلط, ,0,پنج شنـبه16:15 14:00 کلاس 118b,10:30,"
21/03/99
",امجديان محسن, —— 
91299,مدارهاي الكتريكي  ,کارشناسي,  3,--,--,مختلط, ,0,شنبـــــه12:45 10:30 کلاس 203f,10:30,"
21/03/99
",ميريوسفي ميرهاشم, —— 
11150,معادلات ديفرانسيل  ,کارشناسي,  3,--,--,مختلط, ,0,چهار شنبه12:45 10:30 کلاس a2,08:00,"
20/03/99
",آزادگان الهام, —— 
11152,معادلات ديفرانسيل  ,کارشناسي,  3,--,--,مختلط, ,3,پنج شنـبه12:45 10:30 کلاس a2,08:00,"
20/03/99
",ارژنگ اصغر, —— 
11155,معادلات ديفرانسيل  ,کارشناسي,  3,--,--,مختلط, ,0,شنبـــــه19:00 16:30 کلاس a3,08:00,"
21/03/99
",يوسفي مهدي, —— 
11158,معادلات ديفرانسيل  ,کارشناسي,  3,--,--,مختلط, ,2,دوشـــنبه12:45 10:30 کلاس a3,14:00,"
20/03/99
",رضابيك سعيده, —— 
11160,معادلات ديفرانسيل  ,کارشناسي,  3,--,--,مختلط, ,0,سه شنبــه12:45 10:30 کلاس 112b,08:00,"
20/03/99
",حقايقي سميه, —— 
11162,معادلات ديفرانسيل  ,کارشناسي,  3,--,--,مختلط, ,10,چهار شنبه12:45 10:30 کلاس 6علوم,14:00,"
20/03/99
",شجاعي بهروز, —— 
91391,مدارهاي الكتريكي  ,کارشناسي,  3,--,--,مختلط, ,2,يکشنـــبه10:15 08:00 کلاس 103f,10:30,"
21/03/99
",چوپاني قلعه رودخاني كيوان, —— 
91296,مدارهاي الكتريكي  ,کارشناسي,  3,--,--,مختلط, ,2,دوشـــنبه18:45 16:30 کلاس 201f,10:30,"
21/03/99
",چوپاني قلعه رودخاني كيوان, —— 
91298,مدارهاي الكتريكي  ,کارشناسي,  3,--,--,مختلط, ,1,پنج شنـبه18:45 16:30 کلاس 118b,10:30,"
21/03/99
",امجديان محسن, —— 
91287,مديريت پروژه هاي فناوري اطلاعات  ,کارشناسي,  3,--,--,مختلط, ,0,پنج شنـبه16:15 14:00 کلاس 6علوم,14:00,"
21/03/99
",آجرلو شهرام, —— 
11151,معادلات ديفرانسيل  ,کارشناسي,  3,--,--,مختلط, ,3,چهار شنبه19:00 16:30 کلاس a2,16:30,"
20/03/99
",عزيزي رزا, —— 
11154,معادلات ديفرانسيل  ,کارشناسي,  3,--,--,مختلط, ,13,شنبـــــه12:45 10:30 کلاس a3,16:30,"
20/03/99
",عزتي رضا, —— 
11157,معادلات ديفرانسيل  ,کارشناسي,  3,--,--,مختلط, ,6,يکشنـــبه19:00 16:30 کلاس a3,08:00,"
21/03/99
",ميروكيلي منيرالسادات, —— 
11159,معادلات ديفرانسيل  ,کارشناسي,  3,--,--,مختلط, ,0,دوشـــنبه19:00 16:30 کلاس a3,10:30,"
20/03/99
",دره شيري شايسته, —— 
11161,معادلات ديفرانسيل  ,کارشناسي,  3,--,--,مختلط, ,0,سه شنبــه19:00 16:30 کلاس a3,08:00,"
21/03/99
",يوسفي مهدي, —— 
11163,معادلات ديفرانسيل  ,کارشناسي,  3,--,--,مختلط, ,0,چهار شنبه19:00 16:30 کلاس a3,10:30,"
20/03/99
",دريلي قوجالار حسام الدين, —— 
11164,معادلات ديفرانسيل  ,کارشناسي,  3,--,--,مختلط, ,0,پنج شنـبه16:15 14:00 کلاس a3,10:30,"
20/03/99
",دريلي قوجالار حسام الدين, —— 
11166,معادلات ديفرانسيل  ,کارشناسي,  3,--,--,مختلط, ,3,شنبـــــه16:15 14:00 کلاس 6علوم,14:00,"
20/03/99
",شجاعي بهروز, —— 
11168,معادلات ديفرانسيل  ,کارشناسي,  3,--,--,مختلط, ,0,يکشنـــبه16:15 14:00 کلاس a4,16:30,"
20/03/99
",مقصودي شورابي داود, —— 
11170,معادلات ديفرانسيل  ,کارشناسي,  3,--,--,مختلط, ,0,سه شنبــه10:15 08:00 کلاس a4,08:00,"
20/03/99
",صفري فرزانه, —— 
10150,معادلات ديفرانسيل  ,کارشناسي,  3,--,--,مختلط, ,6,چهار شنبه16:15 14:00 کلاس a2,08:00,"
21/03/99
",اسلامي ربابه, —— 
10153,معادلات ديفرانسيل  ,کارشناسي,  3,--,--,مختلط, ,28,شنبـــــه10:15 08:00 کلاس a3,16:30,"
20/03/99
",عزتي رضا, —— 
10156,معادلات ديفرانسيل  ,کارشناسي,  3,--,--,مختلط, ,18,يکشنـــبه16:15 14:00 کلاس a3,08:00,"
21/03/99
",عزيزي ناصر, —— 
10160,معادلات ديفرانسيل  ,کارشناسي,  3,--,--,مختلط, ,4,چهار شنبه16:15 14:00 کلاس 112b,08:00,"
20/03/99
",حقايقي سميه, —— 
10165,معادلات ديفرانسيل  ,کارشناسي,  3,--,--,مختلط, ,2,شنبـــــه12:45 10:30 کلاس 6علوم,14:00,"
20/03/99
",شجاعي بهروز, —— 
91200,معماري كامپيوتر  ,کارشناسي,  3,--,--,مختلط, ,0,شنبـــــه12:45 10:30 کلاس 302f,14:00,"
03/04/99
",شميراني حميدرضالطفعلي, —— 
11165,معادلات ديفرانسيل  ,کارشناسي,  3,--,--,مختلط, ,13,شنبـــــه10:15 08:00 کلاس 6علوم,14:00,"
20/03/99
",شجاعي بهروز, —— 
11167,معادلات ديفرانسيل  ,کارشناسي,  3,--,--,مختلط, ,9,يکشنـــبه10:15 08:00 کلاس a4,16:30,"
20/03/99
",يوسفي اسماعيل, —— 
11169,معادلات ديفرانسيل  ,کارشناسي,  3,--,--,مختلط, ,3,دوشـــنبه10:15 08:00 کلاس a4,16:30,"
20/03/99
",عزتي رضا, —— 
10149,معادلات ديفرانسيل  ,کارشناسي,  3,--,--,مختلط, ,0,چهار شنبه10:15 08:00 کلاس a2,08:00,"
20/03/99
",آزادگان الهام, —— 
10151,معادلات ديفرانسيل  ,کارشناسي,  3,--,--,مختلط, ,19,پنج شنـبه10:15 08:00 کلاس a2,08:00,"
20/03/99
",ارژنگ اصغر, —— 
10154,معادلات ديفرانسيل  ,کارشناسي,  3,--,--,مختلط, ,0,شنبـــــه16:15 14:00 کلاس a3,08:00,"
21/03/99
",يوسفي مهدي, —— 
10159,معادلات ديفرانسيل  ,کارشناسي,  3,--,--,مختلط, ,0,سه شنبــه10:15 08:00 کلاس 112b,08:00,"
20/03/99
",حقايقي سميه, —— 
10161,معادلات ديفرانسيل  ,کارشناسي,  3,--,--,مختلط, ,9,چهار شنبه10:15 08:00 کلاس 6علوم,14:00,"
20/03/99
",شجاعي بهروز, —— 
10169,معادلات ديفرانسيل  ,کارشناسي,  3,--,--,مختلط, ,2,دوشـــنبه12:45 10:30 کلاس a4,16:30,"
20/03/99
",عزتي رضا, —— 
91201,معماري كامپيوتر  ,کارشناسي,  3,--,--,مختلط, ,0,شنبـــــه16:15 14:00 کلاس 302f,14:00,"
03/04/99
",شميراني حميدرضالطفعلي, —— 
91202,معماري كامپيوتر  ,کارشناسي,  3,--,--,مختلط, ,0,يکشنـــبه10:15 08:00 کلاس 301f,14:00,"
03/04/99
",شميراني حميدرضالطفعلي, —— 
91204,معماري كامپيوتر  ,کارشناسي,  3,--,--,مختلط, ,0,چهار شنبه12:45 10:30 کلاس 302f,14:00,"
03/04/99
",پيشوايي عبدالرضا, —— 
91325,مهندسي اينترنت  ,کارشناسي,  3,--,--,مختلط, ,2,پنج شنـبه10:15 08:00 کلاس 116b,14:00,"
20/03/99
",فيلي مريم, —— 
91271,مهندسي نرم افزار  ,کارشناسي,  3,--,--,مختلط, ,0,دوشـــنبه10:15 08:00 کلاس 301f,08:00,"
03/04/99
",نيك روان شلماني عليرضا, —— 
91465,مهندسي نرم افزار  ,کارشناسي,  3,--,--,مختلط, ,16,چهار شنبه12:45 10:30 کلاس 100f,08:00,"
03/04/99
",نحوي بهناز, —— 
91205,نظريه زبان ها و ماشين ها  ,کارشناسي,  3,--,--,مختلط, ,4,پنج شنـبه18:45 16:30 کلاس 302f,08:00,"
04/04/99
",محمدزاده جواد, —— 
91207,نظريه زبان ها و ماشين ها  ,کارشناسي,  3,--,--,مختلط, ,4,سه شنبــه10:15 08:00 کلاس 302f,08:00,"
04/04/99
",محمدزاده جواد, —— 
91507,نظريه زبان ها و ماشين ها  ,کارشناسي,  3,--,--,مختلط, ,4,دوشـــنبه12:45 10:30 کلاس 1علوم,08:00,"
04/04/99
",سرشار محمدرضا, —— 
91312,هوش مصنوعي و سيستم هاي خبره  ,کارشناسي,  3,--,--,مختلط, ,0,سه شنبــه10:15 08:00 کلاس 109پرستاري,08:00,"
31/03/99
",سليماني علي, —— 
91314,هوش مصنوعي و سيستم هاي خبره  ,کارشناسي,  3,--,--,مختلط, ,0,دوشـــنبه12:45 10:30 کلاس 104f,08:00,"
31/03/99
",ميرحسيني سيد محسن, —— 
91203,معماري كامپيوتر  ,کارشناسي,  3,--,--,مختلط, ,0,يکشنـــبه12:45 10:30 کلاس 302f,14:00,"
03/04/99
",شميراني حميدرضالطفعلي, —— 
91488,معماري كامپيوتر  ,کارشناسي,  3,--,--,مختلط, ,6,پنج شنـبه10:15 08:00 کلاس 302f,14:00,"
03/04/99
",پيشوايي عبدالرضا, —— 
91326,مهندسي اينترنت  ,کارشناسي,  3,--,--,مختلط, ,5,دوشـــنبه12:45 10:30 کلاس 301f,14:00,"
20/03/99
",فيلي مريم, —— 
91273,مهندسي نرم افزار  ,کارشناسي,  3,--,--,مختلط, ,0,يکشنـــبه16:15 14:00 کلاس 202f,08:00,"
03/04/99
",نيك روان شلماني عليرضا, —— 
91482,نظريه زبان ها و ماشين ها  ,کارشناسي,  3,--,--,مختلط, ,2,شنبـــــه16:15 13:00 کلاس 203f,08:00,"
04/04/99
",سرشار محمدرضا, —— 
91206,نظريه زبان ها و ماشين ها  ,کارشناسي,  3,--,--,مختلط, ,6,چهار شنبه18:45 16:30 کلاس 301f,08:00,"
04/04/99
",محمدزاده جواد, —— 
91208,نظريه زبان ها و ماشين ها  ,کارشناسي,  3,--,--,مختلط, ,0,سه شنبــه12:45 10:30 کلاس 304f,08:00,"
04/04/99
",محمدزاده جواد, —— 
91495,هوش مصنوعي و سيستم هاي خبره  ,کارشناسي,  3,--,--,مختلط, ,0,دوشـــنبه16:15 13:00 کلاس 1علوم,08:00,"
31/03/99
",سرشار محمدرضا, —— 
91313,هوش مصنوعي و سيستم هاي خبره  ,کارشناسي,  3,--,--,مختلط, ,0,سه شنبــه12:45 10:30 کلاس 109پرستاري,08:00,"
31/03/99
",سليماني علي, —— 
91315,هوش مصنوعي و سيستم هاي خبره  ,کارشناسي,  3,--,--,مختلط, ,0,دوشـــنبه16:15 14:00 کلاس 109پرستاري,08:00,"
31/03/99
",ميرحسيني سيد محسن, —— 
