,CourseId,CourseName,ClassSection,Theoretical,PracticalType,PracticalTypes,Gender,ClassGroup,Rest,timeClass,ExamTime,DateExam,ProfessorName,Grouping
0,91400,آزمايشگاه پايگاه داده  ,کارشناسي,  0,  1,تخصصي,مختلط, ,0,دوشـــنبه12:00 10:30,00:00,"
  /  /  
",نيك روان شلماني عليرضا, —— 
1,91460,آزمايشگاه پايگاه داده  ,کارشناسي,  0,  1,تخصصي,مختلط, ,0,يکشنـــبه16:00 14:30,00:00,"
  /  /  
",سليمي شهركي الياس, —— 
2,91462,آزمايشگاه پايگاه داده  ,کارشناسي,  0,  1,تخصصي,مختلط, ,0,يکشنـــبه19:00 17:30,00:00,"
  /  /  
",سليمي شهركي الياس, —— 
3,91501,آزمايشگاه ريزپردازنده  ,کارشناسي,  0,  1,اصلي,مختلط, ,8,شنبـــــه11:15 09:45,00:00,"
  /  /  
",الياسي علي, —— 
4,91466,آزمايشگاه ريزپردازنده  ,کارشناسي,  0,  1,اصلي,مختلط, ,0,يکشنـــبه15:30 14:00,00:00,"
  /  /  
",شميراني حميدرضالطفعلي, —— 
5,91468,آزمايشگاه ريزپردازنده  ,کارشناسي,  0,  1,اصلي,مختلط, ,0,چهار شنبه17:15 15:45,00:00,"
  /  /  
",اسلامي سيد علي, —— 
6,91353,آزمايشگاه ريزپردازنده  ,کارشناسي,  0,  1,اصلي,مختلط, ,0,شنبـــــه15:30 14:00,00:00,"
  /  /  
",اسلامي سيد علي, —— 
7,91355,آزمايشگاه ريزپردازنده  ,کارشناسي,  0,  1,اصلي,مختلط, ,0,شنبـــــه19:00 17:30,00:00,"
  /  /  
",اسلامي سيد علي, —— 
8,91366,آزمايشگاه سيستم هاي عامل  ,کارشناسي,  0,  1,اصلي,مختلط, ,0,دوشـــنبه09:30 08:00,00:00,"
  /  /  
",حريفي ساسان, —— 
9,91397,آزمايشگاه سيستم هاي عامل  ,کارشناسي,  0,  1,اصلي,مختلط, ,0,دوشـــنبه12:30 11:00,00:00,"
  /  /  
",حريفي ساسان, —— 
10,91401,آزمايشگاه پايگاه داده  ,کارشناسي,  0,  1,تخصصي,مختلط, ,0,دوشـــنبه14:00 12:30,00:00,"
  /  /  
",نيك روان شلماني عليرضا, —— 
11,91461,آزمايشگاه پايگاه داده  ,کارشناسي,  0,  1,تخصصي,مختلط, ,0,يکشنـــبه17:30 16:00,00:00,"
  /  /  
",سليمي شهركي الياس, —— 
12,91522,آزمايشگاه پايگاه داده  ,کارشناسي,  0,  1,تخصصي,مختلط, ,10,پنج شنـبه12:30 11:00,00:00,"
  /  /  
",خليليان مجيد, —— 
13,91502,آزمايشگاه ريزپردازنده  ,کارشناسي,  0,  1,اصلي,مختلط, ,6,شنبـــــه13:00 11:30,00:00,"
  /  /  
",الياسي علي, —— 
14,91467,آزمايشگاه ريزپردازنده  ,کارشناسي,  0,  1,اصلي,مختلط, ,-1,چهار شنبه15:30 14:00,00:00,"
  /  /  
",اسلامي سيد علي, —— 
15,91469,آزمايشگاه ريزپردازنده  ,کارشناسي,  0,  1,اصلي,مختلط, ,0,چهار شنبه19:00 17:30,00:00,"
  /  /  
",اسلامي سيد علي, —— 
16,91354,آزمايشگاه ريزپردازنده  ,کارشناسي,  0,  1,اصلي,مختلط, ,0,شنبـــــه17:15 15:45,00:00,"
  /  /  
",اسلامي سيد علي, —— 
17,91359,آزمايشگاه ريزپردازنده  ,کارشناسي,  0,  1,اصلي,مختلط, ,0,يکشنـــبه19:00 17:30,00:00,"
  /  /  
",اسلامي سيد علي, —— 
18,91367,آزمايشگاه سيستم هاي عامل  ,کارشناسي,  0,  1,اصلي,مختلط, ,0,دوشـــنبه11:00 09:30,00:00,"
  /  /  
",حريفي ساسان, —— 
19,91398,آزمايشگاه سيستم هاي عامل  ,کارشناسي,  0,  1,اصلي,مختلط, ,0,پنج شنـبه09:30 08:00,00:00,"
  /  /  
",محمدزاده جواد, —— 
20,91399,آزمايشگاه سيستم هاي عامل  ,کارشناسي,  0,  1,اصلي,مختلط, ,0,پنج شنـبه11:00 09:30,00:00,"
  /  /  
",محمدزاده جواد, —— 
21,91373,آزمايشگاه شبكه هاي كامپيوتري  ,کارشناسي,  0,  1,اصلي,مختلط, ,0,دوشـــنبه11:15 09:45,00:00,"
  /  /  
",عابدي پروين, —— 
22,91375,آزمايشگاه شبكه هاي كامپيوتري  ,کارشناسي,  0,  1,اصلي,مختلط, ,2,پنج شنـبه14:30 13:00,00:00,"
  /  /  
",فيلي مريم, —— 
23,91377,آزمايشگاه شبكه هاي كامپيوتري  ,کارشناسي,  0,  1,اصلي,مختلط, ,1,چهار شنبه11:15 09:45,00:00,"
  /  /  
",فرج پور ليدا, —— 
24,10022,آزمايشگاه فيزيك (1)  ,کارشناسي,  0,  1,پايه,مختلط, ,0,شنبـــــه09:30 08:00,00:00,"
  /  /  
",خسرواني شيما, —— 
25,10024,آزمايشگاه فيزيك (1)  ,کارشناسي,  0,  1,پايه,مختلط, ,0,شنبـــــه15:30 14:00,00:00,"
  /  /  
",خسرواني شيما, —— 
26,10032,آزمايشگاه فيزيك (2)  ,کارشناسي,  0,  1,پايه,مختلط, ,0,شنبـــــه13:00 11:30,00:00,"
  /  /  
",شايگان مهر سيده مينا, —— 
27,10036,آزمايشگاه فيزيك (2)  ,کارشناسي,  0,  1,پايه,مختلط, ,0,يکشنـــبه13:00 11:30,00:00,"
  /  /  
",آقازاده مريم, —— 
28,10040,آزمايشگاه فيزيك (2)  ,کارشناسي,  0,  1,پايه,مختلط, ,0,دوشـــنبه13:00 11:30,00:00,"
  /  /  
",آقازاده مريم, —— 
29,10042,آزمايشگاه فيزيك (2)  ,کارشناسي,  0,  1,پايه,مختلط, ,0,سه شنبــه13:00 11:30,00:00,"
  /  /  
",آقازاده مريم, —— 
30,91372,آزمايشگاه شبكه هاي كامپيوتري  ,کارشناسي,  0,  1,اصلي,مختلط, ,0,دوشـــنبه09:30 08:00,00:00,"
  /  /  
",عابدي پروين, —— 
31,91374,آزمايشگاه شبكه هاي كامپيوتري  ,کارشناسي,  0,  1,اصلي,مختلط, ,0,دوشـــنبه13:00 11:30,00:00,"
  /  /  
",عابدي پروين, —— 
32,91376,آزمايشگاه شبكه هاي كامپيوتري  ,کارشناسي,  0,  1,اصلي,مختلط, ,0,چهار شنبه09:30 08:00,00:00,"
  /  /  
",فرج پور ليدا, —— 
33,91378,آزمايشگاه شبكه هاي كامپيوتري  ,کارشناسي,  0,  1,اصلي,مختلط, ,0,چهار شنبه13:00 11:30,00:00,"
  /  /  
",فرج پور ليدا, —— 
34,10023,آزمايشگاه فيزيك (1)  ,کارشناسي,  0,  1,پايه,مختلط, ,0,شنبـــــه11:15 09:45,00:00,"
  /  /  
",خسرواني شيما, —— 
35,10031,آزمايشگاه فيزيك (2)  ,کارشناسي,  0,  1,پايه,مختلط, ,0,شنبـــــه09:30 08:00,00:00,"
  /  /  
",شايگان مهر سيده مينا, —— 
36,10035,آزمايشگاه فيزيك (2)  ,کارشناسي,  0,  1,پايه,مختلط, ,0,يکشنـــبه09:30 08:00,00:00,"
  /  /  
",آقازاده مريم, —— 
37,10039,آزمايشگاه فيزيك (2)  ,کارشناسي,  0,  1,پايه,مختلط, ,0,دوشـــنبه09:30 08:00,00:00,"
  /  /  
",آقازاده مريم, —— 
38,10041,آزمايشگاه فيزيك (2)  ,کارشناسي,  0,  1,پايه,مختلط, ,0,سه شنبــه09:30 08:00,00:00,"
  /  /  
",آقازاده مريم, —— 
39,10043,آزمايشگاه فيزيك (2)  ,کارشناسي,  0,  1,پايه,مختلط, ,0,چهار شنبه09:30 08:00,00:00,"
  /  /  
",حاج اكبري فاطمه, —— 
40,11027,آزمايشگاه فيزيك (2)  ,کارشناسي,  0,  1,پايه,مختلط, ,0,شنبـــــه11:15 09:45,00:00,"
  /  /  
",حاج اكبري فاطمه, —— 
41,11029,آزمايشگاه فيزيك (2)  ,کارشناسي,  0,  1,پايه,مختلط, ,3,شنبـــــه11:15 09:45,00:00,"
  /  /  
",جوادي اليادراني سپيده, —— 
42,11031,آزمايشگاه فيزيك (2)  ,کارشناسي,  0,  1,پايه,مختلط, ,1,شنبـــــه11:15 09:45,00:00,"
  /  /  
",شايگان مهر سيده مينا, —— 
43,11033,آزمايشگاه فيزيك (2)  ,کارشناسي,  0,  1,پايه,مختلط, ,0,يکشنـــبه11:15 09:45,00:00,"
  /  /  
",حاج اكبري فاطمه, —— 
44,11035,آزمايشگاه فيزيك (2)  ,کارشناسي,  0,  1,پايه,مختلط, ,0,يکشنـــبه11:15 09:45,00:00,"
  /  /  
",آقازاده مريم, —— 
45,11037,آزمايشگاه فيزيك (2)  ,کارشناسي,  0,  1,پايه,مختلط, ,0,دوشـــنبه11:15 09:45,00:00,"
  /  /  
",حاج اكبري فاطمه, —— 
46,11039,آزمايشگاه فيزيك (2)  ,کارشناسي,  0,  1,پايه,مختلط, ,0,دوشـــنبه11:15 09:45,00:00,"
  /  /  
",آقازاده مريم, —— 
47,11041,آزمايشگاه فيزيك (2)  ,کارشناسي,  0,  1,پايه,مختلط, ,0,سه شنبــه11:15 09:45,00:00,"
  /  /  
",آقازاده مريم, —— 
48,11043,آزمايشگاه فيزيك (2)  ,کارشناسي,  0,  1,پايه,مختلط, ,0,چهار شنبه11:15 09:45,00:00,"
  /  /  
",حاج اكبري فاطمه, —— 
49,11045,آزمايشگاه فيزيك (2)  ,کارشناسي,  0,  1,پايه,مختلط, ,0,چهار شنبه11:15 09:45,00:00,"
  /  /  
",طالب تاش محمدرحيم, —— 
50,11028,آزمايشگاه فيزيك (2)  ,کارشناسي,  0,  1,پايه,مختلط, ,0,شنبـــــه15:30 14:00,00:00,"
  /  /  
",حاج اكبري فاطمه, —— 
51,11030,آزمايشگاه فيزيك (2)  ,کارشناسي,  0,  1,پايه,مختلط, ,0,شنبـــــه15:30 14:00,00:00,"
  /  /  
",جوادي اليادراني سپيده, —— 
52,11032,آزمايشگاه فيزيك (2)  ,کارشناسي,  0,  1,پايه,مختلط, ,0,شنبـــــه15:30 14:00,00:00,"
  /  /  
",شايگان مهر سيده مينا, —— 
53,11034,آزمايشگاه فيزيك (2)  ,کارشناسي,  0,  1,پايه,مختلط, ,0,يکشنـــبه15:30 14:00,00:00,"
  /  /  
",حاج اكبري فاطمه, —— 
54,11036,آزمايشگاه فيزيك (2)  ,کارشناسي,  0,  1,پايه,مختلط, ,0,يکشنـــبه15:30 14:00,00:00,"
  /  /  
",آقازاده مريم, —— 
55,11038,آزمايشگاه فيزيك (2)  ,کارشناسي,  0,  1,پايه,مختلط, ,0,دوشـــنبه15:30 14:00,00:00,"
  /  /  
",حاج اكبري فاطمه, —— 
56,11040,آزمايشگاه فيزيك (2)  ,کارشناسي,  0,  1,پايه,مختلط, ,0,دوشـــنبه15:30 14:00,00:00,"
  /  /  
",آقازاده مريم, —— 
57,11042,آزمايشگاه فيزيك (2)  ,کارشناسي,  0,  1,پايه,مختلط, ,1,سه شنبــه15:30 14:00,00:00,"
  /  /  
",آقازاده مريم, —— 
58,11044,آزمايشگاه فيزيك (2)  ,کارشناسي,  0,  1,پايه,مختلط, ,2,چهار شنبه15:30 14:00,00:00,"
  /  /  
",هژبري عليرضا, —— 
59,11046,آزمايشگاه فيزيك (2)  ,کارشناسي,  0,  1,پايه,مختلط, ,0,چهار شنبه15:30 14:00,00:00,"
  /  /  
",طالب تاش محمدرحيم, —— 
60,91368,آزمايشگاه مدارهاي الكتريكي  ,کارشناسي,  0,  1,تخصصي,مختلط, ,-1,يکشنـــبه17:15 15:45,00:00,"
  /  /  
",اسلامي سيد علي, —— 
61,91370,آزمايشگاه مدارهاي الكتريكي  ,کارشناسي,  0,  1,تخصصي,مختلط, ,0,يکشنـــبه17:15 15:45,00:00,"
  /  /  
",چوپاني قلعه رودخاني كيوان, —— 
62,91390,آزمايشگاه مدارهاي الكتريكي  ,کارشناسي,  0,  1,تخصصي,مختلط, ,0,يکشنـــبه15:30 14:00,00:00,"
  /  /  
",اسلامي سيد علي, —— 
63,91471,آزمايشگاه مدارهاي الكتريكي  ,کارشناسي,  0,  1,تخصصي,مختلط, ,2,چهار شنبه17:15 15:45,00:00,"
  /  /  
",امجديان محسن, —— 
64,91383,آزمايشگاه مهندسي نرم افزار  ,کارشناسي,  0,  1,تخصصي,مختلط, ,1,سه شنبــه09:30 08:00,00:00,"
  /  /  
",تركاشوند آتنا, —— 
65,11581,آشنايي بامباني دفاع مقدس  ,کارشناسي,  2,  0,--,برادر, ,2,پنج شنـبه19:00 17:30 کلاس 307f,16:30,"
31/03/99
",وروائي عبدالحسين, —— 
66,10584,آشنايي بامباني دفاع مقدس  ,کارشناسي,  2,  0,--,برادر, ,0,دوشـــنبه15:30 14:00 کلاس 3علوم,16:30,"
31/03/99
",نامي محمدرضا, —— 
67,11192,آمارواحتمالات مهندسي  ,کارشناسي,  3,  0,--,مختلط, ,15,سه شنبــه10:15 08:00 کلاس 114b,08:00,"
04/04/99
",مغناطيسي زهرا, —— 
68,11194,آمارواحتمالات مهندسي  ,کارشناسي,  3,  0,--,مختلط, ,0,سه شنبــه16:15 14:00 کلاس 206علوم,08:00,"
04/04/99
",خدابين مرتضي, —— 
69,11196,آمارواحتمالات مهندسي  ,کارشناسي,  3,  0,--,مختلط, ,20,يکشنـــبه10:15 08:00 کلاس 114b,08:00,"
04/04/99
",مغناطيسي زهرا, —— 
70,91369,آزمايشگاه مدارهاي الكتريكي  ,کارشناسي,  0,  1,تخصصي,مختلط, ,0,شنبـــــه09:30 08:00,00:00,"
  /  /  
",الياسي علي, —— 
71,91371,آزمايشگاه مدارهاي الكتريكي  ,کارشناسي,  0,  1,تخصصي,مختلط, ,0,يکشنـــبه11:30 10:15,00:00,"
  /  /  
",چوپاني قلعه رودخاني كيوان, —— 
72,91470,آزمايشگاه مدارهاي الكتريكي  ,کارشناسي,  0,  1,تخصصي,مختلط, ,1,چهار شنبه15:30 14:00,00:00,"
  /  /  
",امجديان محسن, —— 
73,91511,آزمايشگاه مدارهاي الكتريكي  ,کارشناسي,  0,  1,تخصصي,مختلط, ,4,چهار شنبه11:15 09:45,00:00,"
  /  /  
",يزدان پناه گوهرريزي آرش, —— 
74,91384,آزمايشگاه مهندسي نرم افزار  ,کارشناسي,  0,  1,تخصصي,مختلط, ,0,سه شنبــه11:00 09:30,00:00,"
  /  /  
",تركاشوند آتنا, —— 
75,10581,آشنايي بامباني دفاع مقدس  ,کارشناسي,  2,  0,--,برادر, ,0,پنج شنـبه13:00 11:30 کلاس 307f,16:30,"
31/03/99
",وروائي عبدالحسين, —— 
76,11619,آشنايي بامباني دفاع مقدس  ,کارشناسي,  2,  0,--,برادر, ,0,چهار شنبه17:15 15:45 کلاس 4علوم,16:30,"
31/03/99
",گوديني محمدحسين, —— 
77,11193,آمارواحتمالات مهندسي  ,کارشناسي,  3,  0,--,مختلط, ,13,سه شنبــه12:45 10:30 کلاس 114b,08:00,"
04/04/99
",مغناطيسي زهرا, —— 
78,11195,آمارواحتمالات مهندسي  ,کارشناسي,  3,  0,--,مختلط, ,1,چهار شنبه19:00 16:30 کلاس a5,08:00,"
04/04/99
",وزيري زهره, —— 
79,11197,آمارواحتمالات مهندسي  ,کارشناسي,  3,  0,--,مختلط, ,6,يکشنـــبه12:45 10:30 کلاس 114b,08:00,"
04/04/99
",مغناطيسي زهرا, —— 
80,11198,آمارواحتمالات مهندسي  ,کارشناسي,  3,  0,--,مختلط, ,0,شنبـــــه16:15 14:00 کلاس 4علوم,08:00,"
04/04/99
",خدابين مرتضي, —— 
81,11201,آمارواحتمالات مهندسي  ,کارشناسي,  3,  0,--,مختلط, ,0,چهار شنبه12:45 10:30 کلاس 4علوم,08:00,"
04/04/99
",خدابين مرتضي, —— 
82,91220,اصول طراحي كامپايلر  ,کارشناسي,  3,  0,--,مختلط, ,6,سه شنبــه16:15 14:00 کلاس 301f,08:00,"
25/03/99
",الماسي ساناز, —— 
83,91222,اصول طراحي كامپايلر  ,کارشناسي,  3,  0,--,مختلط, ,0,يکشنـــبه16:15 14:00 کلاس 301f,08:00,"
25/03/99
",باغباني مجتبي, —— 
84,91508,اصول طراحي كامپايلر  ,کارشناسي,  3,  0,--,مختلط, ,0,شنبـــــه12:45 10:30 کلاس 103f,08:00,"
25/03/99
",باغباني مجتبي, —— 
85,91505,اقتصاد مهندسي  ,کارشناسي,  3,  0,--,مختلط, ,16,دوشـــنبه19:00 16:45 کلاس 116b,14:00,"
25/03/99
",احمدي رضا, —— 
86,91293,اقتصاد مهندسي  ,کارشناسي,  3,  0,--,مختلط, ,1,پنج شنـبه12:45 10:30 کلاس 301f,14:00,"
25/03/99
",باقري نخجوانلو بشير, —— 
87,91412,پروژه نرم افزار  ,کارشناسي,  0,  3,تخصصي,مختلط, ,0, ,00:00,"
  /  /  
",اسبقي شبنم, —— 
88,91414,پروژه نرم افزار  ,کارشناسي,  0,  3,تخصصي,مختلط, ,0, ,00:00,"
  /  /  
",باستان فرد اعظم, —— 
89,91416,پروژه نرم افزار  ,کارشناسي,  0,  3,تخصصي,مختلط, ,0, ,00:00,"
  /  /  
",خليليان مجيد, —— 
90,11200,آمارواحتمالات مهندسي  ,کارشناسي,  3,  0,--,مختلط, ,14,شنبـــــه10:15 08:00 کلاس a6,08:00,"
04/04/99
",مغناطيسي زهرا, —— 
91,91219,اصول طراحي كامپايلر  ,کارشناسي,  3,  0,--,مختلط, ,10,سه شنبــه10:15 08:00 کلاس 303f,08:00,"
25/03/99
",الماسي ساناز, —— 
92,91221,اصول طراحي كامپايلر  ,کارشناسي,  3,  0,--,مختلط, ,0,شنبـــــه18:45 16:30 کلاس 102f,08:00,"
25/03/99
",باغباني مجتبي, —— 
93,91223,اصول طراحي كامپايلر  ,کارشناسي,  3,  0,--,مختلط, ,0,يکشنـــبه18:45 16:30 کلاس 301f,08:00,"
25/03/99
",باغباني مجتبي, —— 
94,91514,اقتصاد مهندسي  ,کارشناسي,  3,  0,--,مختلط, ,4,يکشنـــبه16:15 14:00 کلاس 6علوم,10:30,"
03/04/99
",نصيري كاشاني كاظم, —— 
95,91292,اقتصاد مهندسي  ,کارشناسي,  3,  0,--,مختلط, ,2,پنج شنـبه10:15 08:00 کلاس 301f,14:00,"
25/03/99
",باقري نخجوانلو بشير, —— 
96,91294,اقتصاد مهندسي  ,کارشناسي,  3,  0,--,مختلط, ,0,پنج شنـبه16:15 14:00 کلاس 301f,14:00,"
25/03/99
",باقري نخجوانلو بشير, —— 
97,91413,پروژه نرم افزار  ,کارشناسي,  0,  3,تخصصي,مختلط, ,0, ,00:00,"
  /  /  
",اميني امينه, —— 
98,91415,پروژه نرم افزار  ,کارشناسي,  0,  3,تخصصي,مختلط, ,0, ,00:00,"
  /  /  
",پيشوايي عبدالرضا, —— 
99,91417,پروژه نرم افزار  ,کارشناسي,  0,  3,تخصصي,مختلط, ,0, ,00:00,"
  /  /  
",صالحي فريبا, —— 
100,91418,پروژه نرم افزار  ,کارشناسي,  0,  3,تخصصي,مختلط, ,0, ,00:00,"
  /  /  
",صبوحي هادي, —— 
101,91420,پروژه نرم افزار  ,کارشناسي,  0,  3,تخصصي,مختلط, ,0, ,00:00,"
  /  /  
",محمدزاده جواد, —— 
102,91422,پروژه نرم افزار  ,کارشناسي,  0,  3,تخصصي,مختلط, ,0, ,00:00,"
  /  /  
",نحوي بهناز, —— 
103,91481,پروژه نرم افزار  ,کارشناسي,  0,  3,تخصصي,مختلط, ,0, ,00:00,"
  /  /  
",سرشار محمدرضا, —— 
104,91492,پروژه نرم افزار  ,کارشناسي,  0,  3,تخصصي,مختلط, ,0, ,00:00,"
  /  /  
",اسبقي شبنم, —— 
105,91524,پروژه نرم افزار  ,کارشناسي,  0,  3,تخصصي,مختلط, ,0, ,00:00,"
  /  /  
",صبوحي هادي, —— 
106,91485,روش پژوهش و ارائه  ,کارشناسي,  2,  0,--,مختلط, ,15,دوشـــنبه17:15 15:45 کلاس 303f,14:00,"
27/03/99
",سيدمسگري شاهين, —— 
107,91309,روش پژوهش و ارائه  ,کارشناسي,  2,  0,--,مختلط, ,1,دوشـــنبه09:30 08:00 کلاس 117b,14:00,"
27/03/99
",سيدمسگري شاهين, —— 
108,91311,روش پژوهش و ارائه  ,کارشناسي,  2,  0,--,مختلط, ,1,دوشـــنبه13:00 11:30 کلاس 117b,14:00,"
27/03/99
",سيدمسگري شاهين, —— 
109,11097,رياضي عمومي 1  ,کارشناسي,  3,  0,--,مختلط, ,0,شنبـــــه12:45 10:30 کلاس 114b,10:30,"
24/03/99
",رضابيك سعيده, —— 
110,91419,پروژه نرم افزار  ,کارشناسي,  0,  3,تخصصي,مختلط, ,0, ,00:00,"
  /  /  
",فتحي رضا, —— 
111,91421,پروژه نرم افزار  ,کارشناسي,  0,  3,تخصصي,مختلط, ,0, ,00:00,"
  /  /  
",احمدنائيني محمد, —— 
112,91423,پروژه نرم افزار  ,کارشناسي,  0,  3,تخصصي,مختلط, ,0, ,00:00,"
  /  /  
",نيك روان شلماني عليرضا, —— 
113,91454,پروژه نرم افزار  ,کارشناسي,  0,  3,تخصصي,مختلط, ,0, ,00:00,"
  /  /  
",باغباني مجتبي, —— 
114,91523,پروژه نرم افزار  ,کارشناسي,  0,  3,تخصصي,مختلط, ,0, ,00:00,"
  /  /  
",اميني امينه, —— 
115,91484,روش پژوهش و ارائه  ,کارشناسي,  2,  0,--,مختلط, ,0,دوشـــنبه15:30 14:00 کلاس 303f,14:00,"
27/03/99
",سيدمسگري شاهين, —— 
116,91308,روش پژوهش و ارائه  ,کارشناسي,  2,  0,--,مختلط, ,0,يکشنـــبه15:30 14:00 کلاس 118b,14:00,"
27/03/99
",سيدمسگري شاهين, —— 
117,91310,روش پژوهش و ارائه  ,کارشناسي,  2,  0,--,مختلط, ,0,دوشـــنبه11:15 09:45 کلاس 117b,14:00,"
27/03/99
",سيدمسگري شاهين, —— 
118,11096,رياضي عمومي 1  ,کارشناسي,  3,  0,--,مختلط, ,0,پنج شنـبه19:00 16:30 کلاس 113b,14:00,"
24/03/99
",صمدپورخليفه محله وحيد, —— 
119,11098,رياضي عمومي 1  ,کارشناسي,  3,  0,--,مختلط, ,0,شنبـــــه19:00 16:30 کلاس 114b,08:00,"
25/03/99
",وزيري زهره, —— 
120,11099,رياضي عمومي 1  ,کارشناسي,  3,  0,--,مختلط, ,0,پنج شنـبه12:45 10:30 کلاس a5,16:30,"
24/03/99
",گودرزي حجت اله, —— 
121,11101,رياضي عمومي 1  ,کارشناسي,  3,  0,--,مختلط, ,0,دوشـــنبه12:45 10:30 کلاس 114b,08:00,"
24/03/99
",حسيني سيدامير, —— 
122,11103,رياضي عمومي 1  ,کارشناسي,  3,  0,--,مختلط, ,0,چهار شنبه12:45 10:30 کلاس a5,14:00,"
24/03/99
",فرهاد ويولت, —— 
123,11105,رياضي عمومي 1  ,کارشناسي,  3,  0,--,مختلط, ,0,چهار شنبه12:45 10:30 کلاس 114b,08:00,"
25/03/99
",محمودي كليان فاطمه, —— 
124,11107,رياضي عمومي 1  ,کارشناسي,  3,  0,--,مختلط, ,0,پنج شنـبه16:15 14:00 کلاس 7علوم,14:00,"
24/03/99
",شجاعي بهروز, —— 
125,11109,رياضي عمومي 1  ,کارشناسي,  3,  0,--,مختلط, ,0,شنبـــــه12:45 10:30 کلاس 120b,10:30,"
24/03/99
",سالكي فائزه, —— 
126,11111,رياضي عمومي 1  ,کارشناسي,  3,  0,--,مختلط, ,0,يکشنـــبه12:45 10:30 کلاس 120b,08:00,"
24/03/99
",خلفي فريبا, —— 
127,11113,رياضي عمومي 1  ,کارشناسي,  3,  0,--,مختلط, ,0,دوشـــنبه19:00 16:30 کلاس 120b,16:30,"
24/03/99
",كلهر امير, —— 
128,11115,رياضي عمومي 1  ,کارشناسي,  3,  0,--,مختلط, ,1,چهار شنبه12:45 10:30 کلاس 120b,08:00,"
25/03/99
",ميثم منتظر, —— 
129,11117,رياضي عمومي 1  ,کارشناسي,  3,  0,--,مختلط, ,0,دوشـــنبه12:45 10:30 کلاس 120b,16:30,"
24/03/99
",گل گويي فرزام, —— 
130,11100,رياضي عمومي 1  ,کارشناسي,  3,  0,--,مختلط, ,1,پنج شنـبه19:00 16:30 کلاس a5,16:30,"
24/03/99
",گودرزي حجت اله, —— 
131,11102,رياضي عمومي 1  ,کارشناسي,  3,  0,--,مختلط, ,0,دوشـــنبه19:00 16:30 کلاس 114b,10:30,"
24/03/99
",رحيميان محمد, —— 
132,11104,رياضي عمومي 1  ,کارشناسي,  3,  0,--,مختلط, ,0,سه شنبــه19:00 16:30 کلاس 114b,16:30,"
24/03/99
",محسني زاده محمدرضا, —— 
133,11106,رياضي عمومي 1  ,کارشناسي,  3,  0,--,مختلط, ,0,چهار شنبه19:00 16:30 کلاس 114b,16:30,"
24/03/99
",فلاح پور محسن, —— 
134,11108,رياضي عمومي 1  ,کارشناسي,  3,  0,--,مختلط, ,0,پنج شنـبه19:00 16:30 کلاس 114b,08:00,"
24/03/99
",پيرمحمدي سميه, —— 
135,11110,رياضي عمومي 1  ,کارشناسي,  3,  0,--,مختلط, ,0,شنبـــــه19:00 16:30 کلاس 120b,10:30,"
24/03/99
",رزاقي حميد, —— 
136,11112,رياضي عمومي 1  ,کارشناسي,  3,  0,--,مختلط, ,0,يکشنـــبه19:00 16:30 کلاس 120b,08:00,"
25/03/99
",يوسفي مهدي, —— 
137,11114,رياضي عمومي 1  ,کارشناسي,  3,  0,--,مختلط, ,0,سه شنبــه12:45 10:30 کلاس 120b,14:00,"
24/03/99
",عزيزي رزا, —— 
138,11116,رياضي عمومي 1  ,کارشناسي,  3,  0,--,مختلط, ,0,چهار شنبه19:00 16:30 کلاس 120b,08:00,"
24/03/99
",پيرمحمدي سميه, —— 
139,10096,رياضي عمومي 1  ,کارشناسي,  3,  0,--,مختلط, ,0,پنج شنـبه16:15 14:00 کلاس 113b,14:00,"
24/03/99
",صمدپورخليفه محله وحيد, —— 
140,10099,رياضي عمومي 1  ,کارشناسي,  3,  0,--,مختلط, ,0,پنج شنـبه10:15 08:00 کلاس a5,16:30,"
24/03/99
",گودرزي حجت اله, —— 
141,10101,رياضي عمومي 1  ,کارشناسي,  3,  0,--,مختلط, ,0,دوشـــنبه10:15 08:00 کلاس 114b,08:00,"
24/03/99
",حسيني سيدامير, —— 
142,10103,رياضي عمومي 1  ,کارشناسي,  3,  0,--,مختلط, ,0,چهار شنبه10:15 08:00 کلاس a5,14:00,"
24/03/99
",فرهاد ويولت, —— 
143,10106,رياضي عمومي 1  ,کارشناسي,  3,  0,--,مختلط, ,1,چهار شنبه16:15 14:00 کلاس 120b,16:30,"
24/03/99
",فلاح پور محسن, —— 
144,10110,رياضي عمومي 1  ,کارشناسي,  3,  0,--,مختلط, ,0,شنبـــــه16:15 14:00 کلاس 120b,10:30,"
24/03/99
",رزاقي حميد, —— 
145,10114,رياضي عمومي 1  ,کارشناسي,  3,  0,--,مختلط, ,0,سه شنبــه10:15 08:00 کلاس 120b,14:00,"
24/03/99
",عزيزي رزا, —— 
146,10117,رياضي عمومي 1  ,کارشناسي,  3,  0,--,مختلط, ,0,دوشـــنبه10:15 08:00 کلاس 120b,16:30,"
24/03/99
",گل گويي فرزام, —— 
147,10119,رياضي عمومي 1  ,کارشناسي,  3,  0,--,مختلط, ,0,دوشـــنبه10:15 08:00 کلاس a3,10:30,"
24/03/99
",رضابيك سعيده, —— 
148,10121,رياضي عمومي 1  ,کارشناسي,  3,  0,--,مختلط, ,0,دوشـــنبه10:15 08:00 کلاس 107f,16:30,"
24/03/99
",كاظمي متين رضا, —— 
149,10124,رياضي عمومي 2  ,کارشناسي,  3,  0,--,مختلط, ,0,شنبـــــه16:15 14:00 کلاس 111b,16:30,"
29/03/99
",ميروكيلي منيرالسادات, —— 
150,10100,رياضي عمومي 1  ,کارشناسي,  3,  0,--,مختلط, ,1,پنج شنـبه16:15 14:00 کلاس a6,16:30,"
24/03/99
",گودرزي حجت اله, —— 
151,10102,رياضي عمومي 1  ,کارشناسي,  3,  0,--,مختلط, ,0,دوشـــنبه16:15 14:00 کلاس 114b,10:30,"
24/03/99
",رحيميان محمد, —— 
152,10104,رياضي عمومي 1  ,کارشناسي,  3,  0,--,مختلط, ,0,سه شنبــه16:15 14:00 کلاس 114b,16:30,"
24/03/99
",محسني زاده محمدرضا, —— 
153,10107,رياضي عمومي 1  ,کارشناسي,  3,  0,--,مختلط, ,0,پنج شنـبه19:00 16:30 کلاس a2,16:30,"
24/03/99
",سجادي راد عليادخت, —— 
154,10113,رياضي عمومي 1  ,کارشناسي,  3,  0,--,مختلط, ,0,دوشـــنبه16:15 14:00 کلاس 120b,16:30,"
24/03/99
",كلهر امير, —— 
155,10115,رياضي عمومي 1  ,کارشناسي,  3,  0,--,مختلط, ,0,چهار شنبه10:15 08:00 کلاس 120b,08:00,"
25/03/99
",ميثم منتظر, —— 
156,10118,رياضي عمومي 1  ,کارشناسي,  3,  0,--,مختلط, ,0,پنج شنـبه16:15 14:00 کلاس a2,16:30,"
24/03/99
",سجادي راد عليادخت, —— 
157,10120,رياضي عمومي 1  ,کارشناسي,  3,  0,--,مختلط, ,0,يکشنـــبه10:15 08:00 کلاس a3,16:30,"
24/03/99
",مهشيد ميركيسان, —— 
158,10123,رياضي عمومي 2  ,کارشناسي,  3,  0,--,مختلط, ,3,پنج شنـبه16:15 14:00 کلاس 120b,14:00,"
29/03/99
",سادات حسيني سيده بنت الهدي, —— 
159,10125,رياضي عمومي 2  ,کارشناسي,  3,  0,--,مختلط, ,24,يکشنـــبه10:15 08:00 کلاس a1,10:30,"
29/03/99
",خاتمي حميدرضا, —— 
160,10126,رياضي عمومي 2  ,کارشناسي,  3,  0,--,مختلط, ,16,يکشنـــبه16:15 14:00 کلاس a1,10:30,"
29/03/99
",خاتمي حميدرضا, —— 
161,10128,رياضي عمومي 2  ,کارشناسي,  3,  0,--,مختلط, ,0,دوشـــنبه16:15 14:00 کلاس a1,08:00,"
29/03/99
",ارژنگ اصغر, —— 
162,10132,رياضي عمومي 2  ,کارشناسي,  3,  0,--,مختلط, ,20,چهار شنبه16:15 14:00 کلاس 6علوم,14:00,"
29/03/99
",شجاعي بهروز, —— 
163,10134,رياضي عمومي 2  ,کارشناسي,  3,  0,--,مختلط, ,0,يکشنـــبه16:15 14:00 کلاس 114b,16:30,"
31/03/99
",يوسفي اسماعيل, —— 
164,10139,رياضي عمومي 2  ,کارشناسي,  3,  0,--,مختلط, ,34,سه شنبــه10:15 08:00 کلاس a2,10:30,"
29/03/99
",خاتمي حميدرضا, —— 
165,11123,رياضي عمومي 2  ,کارشناسي,  3,  0,--,مختلط, ,0,پنج شنـبه12:45 10:30 کلاس 120b,14:00,"
29/03/99
",صفري فرزانه, —— 
166,11125,رياضي عمومي 2  ,کارشناسي,  3,  0,--,مختلط, ,3,شنبـــــه19:00 16:30 کلاس a1,16:30,"
29/03/99
",صمدپورخليفه محله وحيد, —— 
167,11127,رياضي عمومي 2  ,کارشناسي,  3,  0,--,مختلط, ,0,يکشنـــبه19:00 16:30 کلاس a1,16:30,"
29/03/99
",محمودي كليان فاطمه, —— 
168,11129,رياضي عمومي 2  ,کارشناسي,  3,  0,--,مختلط, ,8,پنج شنـبه18:45 16:30 کلاس 7علوم,14:00,"
29/03/99
",شجاعي بهروز, —— 
169,11131,رياضي عمومي 2  ,کارشناسي,  3,  0,--,مختلط, ,0,چهار شنبه12:45 10:30 کلاس a3,08:00,"
31/03/99
",مقصودي شورابي داود, —— 
170,10127,رياضي عمومي 2  ,کارشناسي,  3,  0,--,مختلط, ,0,دوشـــنبه10:15 08:00 کلاس a1,08:00,"
29/03/99
",ارژنگ اصغر, —— 
171,10130,رياضي عمومي 2  ,کارشناسي,  3,  0,--,مختلط, ,0,چهار شنبه10:15 08:00 کلاس a3,08:00,"
31/03/99
",مقصودي شورابي داود, —— 
172,10133,رياضي عمومي 2  ,کارشناسي,  3,  0,--,مختلط, ,2,شنبـــــه10:15 08:00 کلاس a2,10:30,"
29/03/99
",خضرلو سعيد, —— 
173,10138,رياضي عمومي 2  ,کارشناسي,  3,  0,--,مختلط, ,5,چهار شنبه19:00 16:30 کلاس a4,16:30,"
29/03/99
",صمدپورخليفه محله وحيد, —— 
174,10141,رياضي عمومي 2  ,کارشناسي,  3,  0,--,مختلط, ,2,شنبـــــه10:15 08:00 کلاس 1علوم,14:00,"
29/03/99
",فرخي هرسيني پروانه, —— 
175,11124,رياضي عمومي 2  ,کارشناسي,  3,  0,--,مختلط, ,3,پنج شنـبه19:00 16:30 کلاس 120b,14:00,"
29/03/99
",سادات حسيني سيده بنت الهدي, —— 
176,11126,رياضي عمومي 2  ,کارشناسي,  3,  0,--,مختلط, ,22,يکشنـــبه12:45 10:30 کلاس a1,10:30,"
29/03/99
",خاتمي حميدرضا, —— 
177,11128,رياضي عمومي 2  ,کارشناسي,  3,  0,--,مختلط, ,0,دوشـــنبه12:45 10:30 کلاس a1,08:00,"
29/03/99
",ارژنگ اصغر, —— 
178,11130,رياضي عمومي 2  ,کارشناسي,  3,  0,--,مختلط, ,0,سه شنبــه19:00 16:30 کلاس a1,14:00,"
29/03/99
",دره شيري شايسته, —— 
179,11132,رياضي عمومي 2  ,کارشناسي,  3,  0,--,مختلط, ,0,چهار شنبه12:45 10:30 کلاس 1علوم,16:30,"
29/03/99
",فرخي هرسيني پروانه, —— 
180,11133,رياضي عمومي 2  ,کارشناسي,  3,  0,--,مختلط, ,2,چهار شنبه19:00 16:30 کلاس a1,16:30,"
29/03/99
",اسلامي ربابه, —— 
181,11135,رياضي عمومي 2  ,کارشناسي,  3,  0,--,مختلط, ,0,شنبـــــه19:00 16:30 کلاس a2,16:30,"
29/03/99
",ميروكيلي منيرالسادات, —— 
182,11137,رياضي عمومي 2  ,کارشناسي,  3,  0,--,مختلط, ,0,دوشـــنبه12:45 10:30 کلاس a2,08:00,"
31/03/99
",مقصودي شورابي داود, —— 
183,11139,رياضي عمومي 2  ,کارشناسي,  3,  0,--,مختلط, ,0,سه شنبــه12:45 10:30 کلاس a2,08:00,"
31/03/99
",مومن نژاداسطلكي زهرا, —— 
184,11141,رياضي عمومي 2  ,کارشناسي,  3,  0,--,مختلط, ,0,شنبـــــه12:45 10:30 کلاس 1علوم,14:00,"
29/03/99
",فرخي هرسيني پروانه, —— 
185,91335,رياضيات مهندسي  ,کارشناسي,  3,  0,--,مختلط, ,0,سه شنبــه18:45 16:30 کلاس 301f,10:30,"
03/04/99
",هاشمي زاده الهام السادات, —— 
186,91337,رياضيات مهندسي  ,کارشناسي,  3,  0,--,مختلط, ,0,چهار شنبه12:45 10:30 کلاس a4,10:30,"
03/04/99
",عزتي رضا, —— 
187,91479,رياضيات مهندسي  ,کارشناسي,  3,  0,--,مختلط, ,0,چهار شنبه18:45 16:30 کلاس 116b,10:30,"
03/04/99
",معدن دار فاطمه, —— 
188,91491,ريزپردازنده و زبان اسمبلي  ,کارشناسي,  3,  0,--,مختلط, ,0,سه شنبــه16:30 14:15 کلاس 303f,08:00,"
24/03/99
",ربيعي حميدرضا, —— 
189,91408,ريزپردازنده و زبان اسمبلي  ,کارشناسي,  3,  0,--,مختلط, ,0,شنبـــــه18:45 16:30 کلاس 301f,08:00,"
24/03/99
",ربيعي حميدرضا, —— 
190,11134,رياضي عمومي 2  ,کارشناسي,  3,  0,--,مختلط, ,0,شنبـــــه12:45 10:30 کلاس a2,10:30,"
29/03/99
",خضرلو سعيد, —— 
191,11136,رياضي عمومي 2  ,کارشناسي,  3,  0,--,مختلط, ,0,يکشنـــبه12:45 10:30 کلاس a2,08:00,"
29/03/99
",آزادگان الهام, —— 
192,11138,رياضي عمومي 2  ,کارشناسي,  3,  0,--,مختلط, ,0,دوشـــنبه19:00 16:30 کلاس a2,08:00,"
31/03/99
",مقصودي شورابي داود, —— 
193,11140,رياضي عمومي 2  ,کارشناسي,  3,  0,--,مختلط, ,1,سه شنبــه19:00 16:30 کلاس a2,08:00,"
31/03/99
",مومن نژاداسطلكي زهرا, —— 
194,91334,رياضيات مهندسي  ,کارشناسي,  3,  0,--,مختلط, ,0,سه شنبــه16:15 14:00 کلاس 116b,10:30,"
03/04/99
",هاشمي زاده الهام السادات, —— 
195,91336,رياضيات مهندسي  ,کارشناسي,  3,  0,--,مختلط, ,0,سه شنبــه19:00 16:30 کلاس a4,10:30,"
03/04/99
",دريلي قوجالار حسام الدين, —— 
196,91478,رياضيات مهندسي  ,کارشناسي,  3,  0,--,مختلط, ,8,يکشنـــبه16:15 14:00 کلاس a5,10:30,"
03/04/99
",ميروكيلي منيرالسادات, —— 
197,91493,رياضيات مهندسي  ,کارشناسي,  3,  0,--,مختلط, ,-1,سه شنبــه16:15 14:00 کلاس 6علوم,10:30,"
03/04/99
",دريلي قوجالار حسام الدين, —— 
198,91453,ريزپردازنده و زبان اسمبلي  ,کارشناسي,  3,  0,--,مختلط, ,0,شنبـــــه16:15 14:00 کلاس 108پرستاري,08:00,"
24/03/99
",ربيعي حميدرضا, —— 
199,91215,ريزپردازنده و زبان اسمبلي  ,کارشناسي,  3,  0,--,مختلط, ,11,سه شنبــه10:15 08:00 کلاس 300f,08:00,"
24/03/99
",پيشوايي عبدالرضا, —— 
200,91216,ريزپردازنده و زبان اسمبلي  ,کارشناسي,  3,  0,--,مختلط, ,15,سه شنبــه12:45 10:30 کلاس 300f,08:00,"
24/03/99
",پيشوايي عبدالرضا, —— 
201,91218,ريزپردازنده و زبان اسمبلي  ,کارشناسي,  3,  0,--,مختلط, ,7,چهار شنبه16:15 14:00 کلاس 303f,08:00,"
24/03/99
",پيشوايي عبدالرضا, —— 
202,91486,سيستم هاي اطلاعات مديريت  ,کارشناسي,  3,  0,--,مختلط, ,28,سه شنبــه18:45 16:30 کلاس 203f,14:00,"
26/03/99
",فلاح نژاد عباس, —— 
203,91302,سيستم هاي عامل  ,کارشناسي,  3,  0,--,مختلط, ,15,چهار شنبه10:15 08:00 کلاس 117b,14:00,"
19/03/99
",صالحي فريبا, —— 
204,91304,سيستم هاي عامل  ,کارشناسي,  3,  0,--,مختلط, ,1,يکشنـــبه12:45 10:30 کلاس 117b,14:00,"
19/03/99
",حريفي ساسان, —— 
205,91306,سيگنالها و سيستم ها  ,کارشناسي,  3,  0,--,مختلط, ,0,دوشـــنبه16:15 14:00 کلاس 300f,10:30,"
31/03/99
",خورشيد طلب آيدا, —— 
206,91489,سيگنالها و سيستم ها  ,کارشناسي,  3,  0,--,مختلط, ,0,شنبـــــه18:45 16:30 کلاس 201f,10:30,"
31/03/99
",امجديان محسن, —— 
207,91456,سيگنالها و سيستم ها  ,کارشناسي,  3,  0,--,مختلط, ,12,يکشنـــبه10:30 08:   کلاس 202f,08:00,"
01/04/99
",فرجادي نسب محمدرضا, —— 
208,91344,طراحي زبان هاي برنامه سازي  ,کارشناسي,  3,  0,--,مختلط, ,0,يکشنـــبه12:45 10:30,10:30,"
25/03/99
",باغباني مجتبي, —— 
209,91498,طراحي كامپيوتري سيستم هاي ديجيتال  ,کارشناسي,  3,  0,--,مختلط, ,6,شنبـــــه16:30 14:00 کلاس a4,08:00,"
21/03/99
",الياسي علي, —— 
210,91217,ريزپردازنده و زبان اسمبلي  ,کارشناسي,  3,  0,--,مختلط, ,5,چهار شنبه10:15 08:00 کلاس 301f,08:00,"
24/03/99
",پيشوايي عبدالرضا, —— 
211,91288,سيستم هاي اطلاعات مديريت  ,کارشناسي,  3,  0,--,مختلط, ,0,سه شنبــه18:45 16:30 کلاس 116b,14:00,"
26/03/99
",انشائي محمد وحيد, —— 
212,91300,سيستم هاي عامل  ,کارشناسي,  3,  0,--,مختلط, ,2,سه شنبــه12:45 10:30 کلاس 303f,14:00,"
19/03/99
",الماسي ساناز, —— 
213,91303,سيستم هاي عامل  ,کارشناسي,  3,  0,--,مختلط, ,0,يکشنـــبه10:15 08:00 کلاس 117b,14:00,"
19/03/99
",حريفي ساسان, —— 
214,91305,سيگنالها و سيستم ها  ,کارشناسي,  3,  0,--,مختلط, ,0,يکشنـــبه16:15 14:00 کلاس 304f,10:30,"
31/03/99
",خورشيد طلب آيدا, —— 
215,91307,سيگنالها و سيستم ها  ,کارشناسي,  3,  0,--,مختلط, ,0,چهار شنبه16:15 14:00 کلاس 117b,10:30,"
31/03/99
",خورشيد طلب آيدا, —— 
216,91474,سيگنالها و سيستم ها  ,کارشناسي,  3,  0,--,مختلط, ,9,چهار شنبه16:15 14:00 کلاس 201f,10:30,"
31/03/99
",دهقاني تفتي عبدالرضا, —— 
217,91343,طراحي زبان هاي برنامه سازي  ,کارشناسي,  3,  0,--,مختلط, ,0,شنبـــــه16:15 14:00 کلاس 301f,10:30,"
25/03/99
",باغباني مجتبي, —— 
218,91506,طراحي زبان هاي برنامه سازي  ,کارشناسي,  3,  0,--,مختلط, ,11,دوشـــنبه10:15 08:00 کلاس 1علوم,10:30,"
25/03/99
",سرشار محمدرضا, —— 
219,91347,طراحي كامپيوتري سيستم هاي ديجيتال  ,کارشناسي,  3,  0,--,مختلط, ,0,يکشنـــبه12:45 10:30 کلاس 103f,08:00,"
21/03/99
",خورشيد طلب آيدا, —— 
220,91348,طراحي كامپيوتري سيستم هاي ديجيتال  ,کارشناسي,  3,  0,--,مختلط, ,1,دوشـــنبه12:45 10:30 کلاس 116b,08:00,"
21/03/99
",خورشيد طلب آيدا, —— 
221,91350,طراحي كامپيوتري سيستم هاي ديجيتال  ,کارشناسي,  3,  0,--,مختلط, ,0,شنبـــــه10:15 08:00 کلاس 302f,08:00,"
21/03/99
",شميراني حميدرضالطفعلي, —— 
222,11053,فيزيك (1).   ,کارشناسي,  3,  0,--,مختلط, ,0,شنبـــــه19:00 16:30 کلاس 111b,16:30,"
26/03/99
",نيلفروشان دردشتي بهنام, —— 
223,11055,فيزيك (1).   ,کارشناسي,  3,  0,--,مختلط, ,16,يکشنـــبه19:00 16:30 کلاس 111b,16:30,"
26/03/99
",محمودي عظيم, —— 
224,11057,فيزيك (1).   ,کارشناسي,  3,  0,--,مختلط, ,0,دوشـــنبه19:00 16:30 کلاس 111b,08:00,"
26/03/99
",البرزي اوانكي زهرا, —— 
225,11059,فيزيك (1).   ,کارشناسي,  3,  0,--,مختلط, ,0,سه شنبــه19:00 16:30 کلاس 111b,10:30,"
26/03/99
",نيك خواه لاله, —— 
226,11061,فيزيك (1).   ,کارشناسي,  3,  0,--,مختلط, ,9,چهار شنبه19:00 16:30 کلاس 111b,16:30,"
26/03/99
",محمودي عظيم, —— 
227,11063,فيزيك (1).   ,کارشناسي,  3,  0,--,مختلط, ,2,پنج شنـبه19:00 16:30 کلاس 111b,10:30,"
26/03/99
",ترابي فاطمه, —— 
228,11066,فيزيك (1).   ,کارشناسي,  3,  0,--,مختلط, ,17,يکشنـــبه19:00 16:30 کلاس 112b,10:30,"
26/03/99
",ملهم حسين, —— 
229,11068,فيزيك (1).   ,کارشناسي,  3,  0,--,مختلط, ,0,دوشـــنبه19:00 16:30 کلاس a1,10:30,"
26/03/99
",ترابي بشكاني الهه سادات, —— 
230,91349,طراحي كامپيوتري سيستم هاي ديجيتال  ,کارشناسي,  3,  0,--,مختلط, ,1,چهار شنبه12:45 10:30 کلاس 117b,08:00,"
21/03/99
",خورشيد طلب آيدا, —— 
231,11052,فيزيك (1).   ,کارشناسي,  3,  0,--,مختلط, ,0,شنبـــــه12:45 10:30 کلاس a1,16:30,"
26/03/99
",محمودي داريان معصومه, —— 
232,11054,فيزيك (1).   ,کارشناسي,  3,  0,--,مختلط, ,0,يکشنـــبه12:45 10:30 کلاس 111b,08:00,"
26/03/99
",ايماني خديجه, —— 
233,11056,فيزيك (1).   ,کارشناسي,  3,  0,--,مختلط, ,0,دوشـــنبه12:45 10:30 کلاس a5,14:00,"
26/03/99
",رنجگر آيرين, —— 
234,11058,فيزيك (1).   ,کارشناسي,  3,  0,--,مختلط, ,0,سه شنبــه12:45 10:30 کلاس 111b,08:00,"
26/03/99
",بوستان الهام, —— 
235,11060,فيزيك (1).   ,کارشناسي,  3,  0,--,مختلط, ,0,چهار شنبه12:45 10:30 کلاس 111b,14:00,"
26/03/99
",قرآن نويس زهره, —— 
236,11062,فيزيك (1).   ,کارشناسي,  3,  0,--,مختلط, ,0,پنج شنـبه12:45 10:30 کلاس 306f,14:00,"
26/03/99
",طالب تاش محمدرحيم, —— 
237,11065,فيزيك (1).   ,کارشناسي,  3,  0,--,مختلط, ,0,يکشنـــبه12:45 10:30 کلاس a8,16:30,"
26/03/99
",مرادي محمد, —— 
238,11067,فيزيك (1).   ,کارشناسي,  3,  0,--,مختلط, ,1,دوشـــنبه12:45 10:30 کلاس a8,08:00,"
26/03/99
",بوستان الهام, —— 
239,10051,فيزيك (1).   ,کارشناسي,  3,  0,--,مختلط, ,0,شنبـــــه10:15 08:00 کلاس a1,16:30,"
26/03/99
",محمودي داريان معصومه, —— 
240,10052,فيزيك (1).   ,کارشناسي,  3,  0,--,مختلط, ,1,شنبـــــه16:15 14:00 کلاس a1,16:30,"
26/03/99
",محمودي داريان معصومه, —— 
241,10055,فيزيك (1).   ,کارشناسي,  3,  0,--,مختلط, ,0,دوشـــنبه10:15 08:00 کلاس a5,14:00,"
26/03/99
",رنجگر آيرين, —— 
242,10057,فيزيك (1).   ,کارشناسي,  3,  0,--,مختلط, ,0,سه شنبــه10:15 08:00 کلاس 111b,08:00,"
26/03/99
",بوستان الهام, —— 
243,10060,فيزيك (1).   ,کارشناسي,  3,  0,--,مختلط, ,4,چهار شنبه16:15 14:00 کلاس 111b,16:30,"
26/03/99
",محمودي عظيم, —— 
244,10062,فيزيك (1).   ,کارشناسي,  3,  0,--,مختلط, ,0,پنج شنـبه16:15 14:00 کلاس 111b,10:30,"
26/03/99
",ترابي فاطمه, —— 
245,10065,فيزيك (1).   ,کارشناسي,  3,  0,--,مختلط, ,0,يکشنـــبه16:15 14:00 کلاس 112b,10:30,"
26/03/99
",ملهم حسين, —— 
246,10067,فيزيك (1).   ,کارشناسي,  3,  0,--,مختلط, ,0,دوشـــنبه16:15 14:00 کلاس 117b,08:00,"
26/03/99
",وزيري نيما, —— 
247,10075,فيزيك (2).   ,کارشناسي,  3,  0,--,مختلط, ,0,سه شنبــه12:45 10:30 کلاس a3,10:30,"
02/04/99
",صولتي الميرا, —— 
248,10077,فيزيك (2).   ,کارشناسي,  3,  0,--,مختلط, ,12,چهار شنبه12:45 10:30 کلاس a1,14:00,"
02/04/99
",محمودي داريان معصومه, —— 
249,10079,فيزيك (2).   ,کارشناسي,  3,  0,--,مختلط, ,1,پنج شنـبه12:45 10:30 کلاس 112b,08:00,"
02/04/99
",ايماني خديجه, —— 
250,10054,فيزيك (1).   ,کارشناسي,  3,  0,--,مختلط, ,2,يکشنـــبه16:15 14:00 کلاس 111b,16:30,"
26/03/99
",محمودي عظيم, —— 
251,10056,فيزيك (1).   ,کارشناسي,  3,  0,--,مختلط, ,0,دوشـــنبه16:15 14:00 کلاس a6,14:00,"
26/03/99
",رنجگر آيرين, —— 
252,10058,فيزيك (1).   ,کارشناسي,  3,  0,--,مختلط, ,0,سه شنبــه16:15 14:00 کلاس 111b,10:30,"
26/03/99
",نيك خواه لاله, —— 
253,10061,فيزيك (1).   ,کارشناسي,  3,  0,--,مختلط, ,0,پنج شنـبه10:15 08:00 کلاس 306f,14:00,"
26/03/99
",طالب تاش محمدرحيم, —— 
254,10064,فيزيك (1).   ,کارشناسي,  3,  0,--,مختلط, ,0,يکشنـــبه10:15 08:00 کلاس a8,16:30,"
26/03/99
",مرادي محمد, —— 
255,10066,فيزيك (1).   ,کارشناسي,  3,  0,--,مختلط, ,0,دوشـــنبه10:15 08:00 کلاس a8,08:00,"
26/03/99
",بوستان الهام, —— 
256,10068,فيزيك (1).   ,کارشناسي,  3,  0,--,مختلط, ,0,سه شنبــه10:15 08:00 کلاس a3,14:00,"
26/03/99
",صولتي الميرا, —— 
257,10076,فيزيك (2).   ,کارشناسي,  3,  0,--,مختلط, ,2,سه شنبــه19:00 16:30 کلاس 112b,14:00,"
02/04/99
",البرزي اوانكي زهرا, —— 
258,10078,فيزيك (2).   ,کارشناسي,  3,  0,--,مختلط, ,11,چهار شنبه19:00 16:30 کلاس 112b,16:30,"
02/04/99
",جمشيدي نوشين, —— 
259,10082,فيزيك (2).   ,کارشناسي,  3,  0,--,مختلط, ,0,سه شنبــه16:15 14:00 کلاس 113b,10:30,"
02/04/99
",منصفي مهرداد, —— 
260,10083,فيزيك (2).   ,کارشناسي,  3,  0,--,مختلط, ,0,چهار شنبه16:30 14:15 کلاس 207f,16:30,"
02/04/99
",ياسريان كيومرث, —— 
261,10086,فيزيك (2).   ,کارشناسي,  3,  0,--,مختلط, ,5,شنبـــــه19:00 16:30 کلاس 113b,16:30,"
02/04/99
",ملهم حسين, —— 
262,10089,فيزيك (2).   ,کارشناسي,  3,  0,--,مختلط, ,0,دوشـــنبه12:45 10:30 کلاس 113b,08:00,"
02/04/99
",ايماني خديجه, —— 
263,11076,فيزيك (2).   ,کارشناسي,  3,  0,--,مختلط, ,0,چهار شنبه10:15 08:00 کلاس a1,14:00,"
02/04/99
",محمودي داريان معصومه, —— 
264,11078,فيزيك (2).   ,کارشناسي,  3,  0,--,مختلط, ,0,پنج شنـبه10:15 08:00 کلاس 112b,08:00,"
02/04/99
",ايماني خديجه, —— 
265,11080,فيزيك (2).   ,کارشناسي,  3,  0,--,مختلط, ,0,شنبـــــه16:15 14:00 کلاس 113b,10:30,"
02/04/99
",دژم لعيا, —— 
266,11083,فيزيك (2).   ,کارشناسي,  3,  0,--,مختلط, ,0,دوشـــنبه10:15 08:00 کلاس 113b,08:00,"
02/04/99
",ايماني خديجه, —— 
267,11085,فيزيك (2).   ,کارشناسي,  3,  0,--,مختلط, ,1,دوشـــنبه19:00 16:30 کلاس 113b,16:30,"
02/04/99
",ملهم حسين, —— 
268,11087,فيزيك (2).   ,کارشناسي,  3,  0,--,مختلط, ,0,سه شنبــه19:00 16:30 کلاس 113b,10:30,"
02/04/99
",منصفي مهرداد, —— 
269,11089,فيزيك (2).   ,کارشناسي,  3,  0,--,مختلط, ,0,چهار شنبه19:00 16:30 کلاس 113b,10:30,"
02/04/99
",طالب تاش محمدرحيم, —— 
270,10084,فيزيك (2).   ,کارشناسي,  3,  0,--,مختلط, ,4,چهار شنبه16:15 14:00 کلاس a4,16:30,"
02/04/99
",جمشيدي نوشين, —— 
271,10088,فيزيك (2).   ,کارشناسي,  3,  0,--,مختلط, ,4,يکشنـــبه19:00 16:30 کلاس 113b,16:30,"
02/04/99
",جمشيدي نوشين, —— 
272,11075,فيزيك (2).   ,کارشناسي,  3,  0,--,مختلط, ,0,سه شنبــه16:15 14:00 کلاس a4,10:30,"
02/04/99
",صولتي الميرا, —— 
273,11077,فيزيك (2).   ,کارشناسي,  3,  0,--,مختلط, ,4,چهار شنبه16:15 14:00 کلاس a1,14:00,"
02/04/99
",محمودي داريان معصومه, —— 
274,11079,فيزيك (2).   ,کارشناسي,  3,  0,--,مختلط, ,0,پنج شنـبه16:15 14:00 کلاس 112b,08:00,"
02/04/99
",ايماني خديجه, —— 
275,11082,فيزيك (2).   ,کارشناسي,  3,  0,--,مختلط, ,0,يکشنـــبه16:15 14:00 کلاس 113b,16:30,"
02/04/99
",جمشيدي نوشين, —— 
276,11084,فيزيك (2).   ,کارشناسي,  3,  0,--,مختلط, ,0,دوشـــنبه16:15 14:00 کلاس 113b,16:30,"
02/04/99
",ملهم حسين, —— 
277,11086,فيزيك (2).   ,کارشناسي,  3,  0,--,مختلط, ,0,سه شنبــه12:45 10:30 کلاس 113b,10:30,"
02/04/99
",شمس الدين سيده حديث, —— 
278,11088,فيزيك (2).   ,کارشناسي,  3,  0,--,مختلط, ,0,چهار شنبه12:45 10:30 کلاس 112b,16:30,"
02/04/99
",ياسريان كيومرث, —— 
279,11090,فيزيك (2).   ,کارشناسي,  3,  0,--,مختلط, ,0,پنج شنـبه12:45 10:30 کلاس 113b,14:00,"
02/04/99
",قرآن نويس زهره, —— 
280,91457,كارآموزي  ,کارشناسي,  0,  1,تخصصي,مختلط, ,0, ,00:00,"
  /  /  
", , —— 
281,91459,كارآموزي  ,کارشناسي,  0,  1,تخصصي,مختلط, ,1, ,00:00,"
  /  /  
", , —— 
282,91448,كارآموزي  ,کارشناسي,  0,  1,تخصصي,مختلط, ,0, ,00:00,"
  /  /  
", , —— 
283,91450,كارآموزي  ,کارشناسي,  0,  1,تخصصي,مختلط, ,0, ,00:00,"
  /  /  
", , —— 
284,91345,كارگاه برنامه نويسي مت لب  ,کارشناسي,  0,  1,تخصصي,مختلط, ,0,يکشنـــبه13:00 11:30,00:00,"
  /  /  
",چوپاني قلعه رودخاني كيوان, —— 
285,91327,گرافيك كامپيوتري 1  ,کارشناسي,  3,  0,--,مختلط, ,3,پنج شنـبه16:15 14:00 کلاس 302f,10:30,"
03/04/99
",باستان فرد اعظم, —— 
286,91289,مباحث ويژه1  ,کارشناسي,  3,  0,--,مختلط, ,0,شنبـــــه10:15 08:00 کلاس 303f,14:00,"
01/04/99
",فتحي رضا, —— 
287,91291,مباحث ويژه1  ,کارشناسي,  3,  0,--,مختلط, ,0,يکشنـــبه18:45 16:30 کلاس 202f,14:00,"
01/04/99
",نيك روان شلماني عليرضا, —— 
288,91283,مباني داده كاوي  ,کارشناسي,  3,  0,--,مختلط, ,5,چهار شنبه12:45 10:30 کلاس 301f,10:30,"
20/03/99
",خليليان مجيد, —— 
289,91512,مباني رايانش امن  ,کارشناسي,  3,  0,--,مختلط, ,1,شنبـــــه16:15 14:00 کلاس 304f,08:00,"
26/03/99
",ملامطلبي مهدي, —— 
290,91458,كارآموزي  ,کارشناسي,  0,  1,تخصصي,مختلط, ,0, ,00:00,"
  /  /  
", , —— 
291,91473,كارآموزي  ,کارشناسي,  0,  1,تخصصي,مختلط, ,12, ,00:00,"
  /  /  
", , —— 
292,91449,كارآموزي  ,کارشناسي,  0,  1,تخصصي,مختلط, ,0, ,00:00,"
  /  /  
", , —— 
293,91451,كارآموزي  ,کارشناسي,  0,  1,تخصصي,مختلط, ,0, ,00:00,"
  /  /  
", , —— 
294,91346,كارگاه برنامه نويسي مت لب  ,کارشناسي,  0,  1,تخصصي,مختلط, ,0,يکشنـــبه15:30 14:00,00:00,"
  /  /  
",چوپاني قلعه رودخاني كيوان, —— 
295,91388,مباحث ويژه1  ,کارشناسي,  3,  0,--,مختلط, ,1,دوشـــنبه16:15 14:00 کلاس 7علوم,14:00,"
01/04/99
",ملامطلبي مهدي, —— 
296,91290,مباحث ويژه1  ,کارشناسي,  3,  0,--,مختلط, ,0,دوشـــنبه12:45 10:30 کلاس 302f,14:00,"
01/04/99
",علي جماعت علي, —— 
297,91282,مباني داده كاوي  ,کارشناسي,  3,  0,--,مختلط, ,0,پنج شنـبه10:15 08:00 کلاس 303f,10:30,"
20/03/99
",اميني امينه, —— 
298,91284,مباني داده كاوي  ,کارشناسي,  3,  0,--,مختلط, ,0,يکشنـــبه10:15 08:00 کلاس 300f,10:30,"
20/03/99
",خليليان مجيد, —— 
299,91513,مباني رايانش امن  ,کارشناسي,  3,  0,--,مختلط, ,0,دوشـــنبه10:15 08:00 کلاس 118b,08:00,"
26/03/99
",ملامطلبي مهدي, —— 
300,10182,محاسبات عددي   ,کارشناسي,  2,  0,--,مختلط, ,26,پنج شنـبه11:15 09:45 کلاس a4,14:00,"
22/03/99
",اسحاقي كناري حسن, —— 
301,91490,مدارهاي الكتريكي  ,کارشناسي,  3,  0,--,مختلط, ,1,پنج شنـبه16:15 14:00 کلاس 3علوم,10:30,"
25/03/99
",اسكندري ناصر, —— 
302,91297,مدارهاي الكتريكي  ,کارشناسي,  3,  0,--,مختلط, ,0,پنج شنـبه16:15 14:00 کلاس 118b,10:30,"
21/03/99
",امجديان محسن, —— 
303,91299,مدارهاي الكتريكي  ,کارشناسي,  3,  0,--,مختلط, ,0,شنبـــــه12:45 10:30 کلاس 203f,10:30,"
21/03/99
",ميريوسفي ميرهاشم, —— 
304,11150,معادلات ديفرانسيل  ,کارشناسي,  3,  0,--,مختلط, ,0,چهار شنبه12:45 10:30 کلاس a2,08:00,"
20/03/99
",آزادگان الهام, —— 
305,11152,معادلات ديفرانسيل  ,کارشناسي,  3,  0,--,مختلط, ,3,پنج شنـبه12:45 10:30 کلاس a2,08:00,"
20/03/99
",ارژنگ اصغر, —— 
306,11155,معادلات ديفرانسيل  ,کارشناسي,  3,  0,--,مختلط, ,0,شنبـــــه19:00 16:30 کلاس a3,08:00,"
21/03/99
",يوسفي مهدي, —— 
307,11158,معادلات ديفرانسيل  ,کارشناسي,  3,  0,--,مختلط, ,2,دوشـــنبه12:45 10:30 کلاس a3,14:00,"
20/03/99
",رضابيك سعيده, —— 
308,11160,معادلات ديفرانسيل  ,کارشناسي,  3,  0,--,مختلط, ,0,سه شنبــه12:45 10:30 کلاس 112b,08:00,"
20/03/99
",حقايقي سميه, —— 
309,11162,معادلات ديفرانسيل  ,کارشناسي,  3,  0,--,مختلط, ,10,چهار شنبه12:45 10:30 کلاس 6علوم,14:00,"
20/03/99
",شجاعي بهروز, —— 
310,91391,مدارهاي الكتريكي  ,کارشناسي,  3,  0,--,مختلط, ,2,يکشنـــبه10:15 08:00 کلاس 103f,10:30,"
21/03/99
",چوپاني قلعه رودخاني كيوان, —— 
311,91296,مدارهاي الكتريكي  ,کارشناسي,  3,  0,--,مختلط, ,2,دوشـــنبه18:45 16:30 کلاس 201f,10:30,"
21/03/99
",چوپاني قلعه رودخاني كيوان, —— 
312,91298,مدارهاي الكتريكي  ,کارشناسي,  3,  0,--,مختلط, ,1,پنج شنـبه18:45 16:30 کلاس 118b,10:30,"
21/03/99
",امجديان محسن, —— 
313,91287,مديريت پروژه هاي فناوري اطلاعات  ,کارشناسي,  3,  0,--,مختلط, ,0,پنج شنـبه16:15 14:00 کلاس 6علوم,14:00,"
21/03/99
",آجرلو شهرام, —— 
314,11151,معادلات ديفرانسيل  ,کارشناسي,  3,  0,--,مختلط, ,3,چهار شنبه19:00 16:30 کلاس a2,16:30,"
20/03/99
",عزيزي رزا, —— 
315,11154,معادلات ديفرانسيل  ,کارشناسي,  3,  0,--,مختلط, ,13,شنبـــــه12:45 10:30 کلاس a3,16:30,"
20/03/99
",عزتي رضا, —— 
316,11157,معادلات ديفرانسيل  ,کارشناسي,  3,  0,--,مختلط, ,6,يکشنـــبه19:00 16:30 کلاس a3,08:00,"
21/03/99
",ميروكيلي منيرالسادات, —— 
317,11159,معادلات ديفرانسيل  ,کارشناسي,  3,  0,--,مختلط, ,0,دوشـــنبه19:00 16:30 کلاس a3,10:30,"
20/03/99
",دره شيري شايسته, —— 
318,11161,معادلات ديفرانسيل  ,کارشناسي,  3,  0,--,مختلط, ,0,سه شنبــه19:00 16:30 کلاس a3,08:00,"
21/03/99
",يوسفي مهدي, —— 
319,11163,معادلات ديفرانسيل  ,کارشناسي,  3,  0,--,مختلط, ,0,چهار شنبه19:00 16:30 کلاس a3,10:30,"
20/03/99
",دريلي قوجالار حسام الدين, —— 
320,11164,معادلات ديفرانسيل  ,کارشناسي,  3,  0,--,مختلط, ,0,پنج شنـبه16:15 14:00 کلاس a3,10:30,"
20/03/99
",دريلي قوجالار حسام الدين, —— 
321,11166,معادلات ديفرانسيل  ,کارشناسي,  3,  0,--,مختلط, ,3,شنبـــــه16:15 14:00 کلاس 6علوم,14:00,"
20/03/99
",شجاعي بهروز, —— 
322,11168,معادلات ديفرانسيل  ,کارشناسي,  3,  0,--,مختلط, ,0,يکشنـــبه16:15 14:00 کلاس a4,16:30,"
20/03/99
",مقصودي شورابي داود, —— 
323,11170,معادلات ديفرانسيل  ,کارشناسي,  3,  0,--,مختلط, ,0,سه شنبــه10:15 08:00 کلاس a4,08:00,"
20/03/99
",صفري فرزانه, —— 
324,10150,معادلات ديفرانسيل  ,کارشناسي,  3,  0,--,مختلط, ,6,چهار شنبه16:15 14:00 کلاس a2,08:00,"
21/03/99
",اسلامي ربابه, —— 
325,10153,معادلات ديفرانسيل  ,کارشناسي,  3,  0,--,مختلط, ,28,شنبـــــه10:15 08:00 کلاس a3,16:30,"
20/03/99
",عزتي رضا, —— 
326,10156,معادلات ديفرانسيل  ,کارشناسي,  3,  0,--,مختلط, ,18,يکشنـــبه16:15 14:00 کلاس a3,08:00,"
21/03/99
",عزيزي ناصر, —— 
327,10160,معادلات ديفرانسيل  ,کارشناسي,  3,  0,--,مختلط, ,4,چهار شنبه16:15 14:00 کلاس 112b,08:00,"
20/03/99
",حقايقي سميه, —— 
328,10165,معادلات ديفرانسيل  ,کارشناسي,  3,  0,--,مختلط, ,2,شنبـــــه12:45 10:30 کلاس 6علوم,14:00,"
20/03/99
",شجاعي بهروز, —— 
329,91200,معماري كامپيوتر  ,کارشناسي,  3,  0,--,مختلط, ,0,شنبـــــه12:45 10:30 کلاس 302f,14:00,"
03/04/99
",شميراني حميدرضالطفعلي, —— 
330,11165,معادلات ديفرانسيل  ,کارشناسي,  3,  0,--,مختلط, ,13,شنبـــــه10:15 08:00 کلاس 6علوم,14:00,"
20/03/99
",شجاعي بهروز, —— 
331,11167,معادلات ديفرانسيل  ,کارشناسي,  3,  0,--,مختلط, ,9,يکشنـــبه10:15 08:00 کلاس a4,16:30,"
20/03/99
",يوسفي اسماعيل, —— 
332,11169,معادلات ديفرانسيل  ,کارشناسي,  3,  0,--,مختلط, ,3,دوشـــنبه10:15 08:00 کلاس a4,16:30,"
20/03/99
",عزتي رضا, —— 
333,10149,معادلات ديفرانسيل  ,کارشناسي,  3,  0,--,مختلط, ,0,چهار شنبه10:15 08:00 کلاس a2,08:00,"
20/03/99
",آزادگان الهام, —— 
334,10151,معادلات ديفرانسيل  ,کارشناسي,  3,  0,--,مختلط, ,19,پنج شنـبه10:15 08:00 کلاس a2,08:00,"
20/03/99
",ارژنگ اصغر, —— 
335,10154,معادلات ديفرانسيل  ,کارشناسي,  3,  0,--,مختلط, ,0,شنبـــــه16:15 14:00 کلاس a3,08:00,"
21/03/99
",يوسفي مهدي, —— 
336,10159,معادلات ديفرانسيل  ,کارشناسي,  3,  0,--,مختلط, ,0,سه شنبــه10:15 08:00 کلاس 112b,08:00,"
20/03/99
",حقايقي سميه, —— 
337,10161,معادلات ديفرانسيل  ,کارشناسي,  3,  0,--,مختلط, ,9,چهار شنبه10:15 08:00 کلاس 6علوم,14:00,"
20/03/99
",شجاعي بهروز, —— 
338,10169,معادلات ديفرانسيل  ,کارشناسي,  3,  0,--,مختلط, ,2,دوشـــنبه12:45 10:30 کلاس a4,16:30,"
20/03/99
",عزتي رضا, —— 
339,91201,معماري كامپيوتر  ,کارشناسي,  3,  0,--,مختلط, ,0,شنبـــــه16:15 14:00 کلاس 302f,14:00,"
03/04/99
",شميراني حميدرضالطفعلي, —— 
340,91202,معماري كامپيوتر  ,کارشناسي,  3,  0,--,مختلط, ,0,يکشنـــبه10:15 08:00 کلاس 301f,14:00,"
03/04/99
",شميراني حميدرضالطفعلي, —— 
341,91204,معماري كامپيوتر  ,کارشناسي,  3,  0,--,مختلط, ,0,چهار شنبه12:45 10:30 کلاس 302f,14:00,"
03/04/99
",پيشوايي عبدالرضا, —— 
342,91325,مهندسي اينترنت  ,کارشناسي,  3,  0,--,مختلط, ,2,پنج شنـبه10:15 08:00 کلاس 116b,14:00,"
20/03/99
",فيلي مريم, —— 
343,91271,مهندسي نرم افزار  ,کارشناسي,  3,  0,--,مختلط, ,0,دوشـــنبه10:15 08:00 کلاس 301f,08:00,"
03/04/99
",نيك روان شلماني عليرضا, —— 
344,91465,مهندسي نرم افزار  ,کارشناسي,  3,  0,--,مختلط, ,16,چهار شنبه12:45 10:30 کلاس 100f,08:00,"
03/04/99
",نحوي بهناز, —— 
345,91205,نظريه زبان ها و ماشين ها  ,کارشناسي,  3,  0,--,مختلط, ,4,پنج شنـبه18:45 16:30 کلاس 302f,08:00,"
04/04/99
",محمدزاده جواد, —— 
346,91207,نظريه زبان ها و ماشين ها  ,کارشناسي,  3,  0,--,مختلط, ,4,سه شنبــه10:15 08:00 کلاس 302f,08:00,"
04/04/99
",محمدزاده جواد, —— 
347,91507,نظريه زبان ها و ماشين ها  ,کارشناسي,  3,  0,--,مختلط, ,4,دوشـــنبه12:45 10:30 کلاس 1علوم,08:00,"
04/04/99
",سرشار محمدرضا, —— 
348,91312,هوش مصنوعي و سيستم هاي خبره  ,کارشناسي,  3,  0,--,مختلط, ,0,سه شنبــه10:15 08:00 کلاس 109پرستاري,08:00,"
31/03/99
",سليماني علي, —— 
349,91314,هوش مصنوعي و سيستم هاي خبره  ,کارشناسي,  3,  0,--,مختلط, ,0,دوشـــنبه12:45 10:30 کلاس 104f,08:00,"
31/03/99
",ميرحسيني سيد محسن, —— 
350,91203,معماري كامپيوتر  ,کارشناسي,  3,  0,--,مختلط, ,0,يکشنـــبه12:45 10:30 کلاس 302f,14:00,"
03/04/99
",شميراني حميدرضالطفعلي, —— 
351,91488,معماري كامپيوتر  ,کارشناسي,  3,  0,--,مختلط, ,6,پنج شنـبه10:15 08:00 کلاس 302f,14:00,"
03/04/99
",پيشوايي عبدالرضا, —— 
352,91326,مهندسي اينترنت  ,کارشناسي,  3,  0,--,مختلط, ,5,دوشـــنبه12:45 10:30 کلاس 301f,14:00,"
20/03/99
",فيلي مريم, —— 
353,91273,مهندسي نرم افزار  ,کارشناسي,  3,  0,--,مختلط, ,0,يکشنـــبه16:15 14:00 کلاس 202f,08:00,"
03/04/99
",نيك روان شلماني عليرضا, —— 
354,91482,نظريه زبان ها و ماشين ها  ,کارشناسي,  3,  0,--,مختلط, ,2,شنبـــــه16:15 13:00 کلاس 203f,08:00,"
04/04/99
",سرشار محمدرضا, —— 
355,91206,نظريه زبان ها و ماشين ها  ,کارشناسي,  3,  0,--,مختلط, ,6,چهار شنبه18:45 16:30 کلاس 301f,08:00,"
04/04/99
",محمدزاده جواد, —— 
356,91208,نظريه زبان ها و ماشين ها  ,کارشناسي,  3,  0,--,مختلط, ,0,سه شنبــه12:45 10:30 کلاس 304f,08:00,"
04/04/99
",محمدزاده جواد, —— 
357,91495,هوش مصنوعي و سيستم هاي خبره  ,کارشناسي,  3,  0,--,مختلط, ,0,دوشـــنبه16:15 13:00 کلاس 1علوم,08:00,"
31/03/99
",سرشار محمدرضا, —— 
358,91313,هوش مصنوعي و سيستم هاي خبره  ,کارشناسي,  3,  0,--,مختلط, ,0,سه شنبــه12:45 10:30 کلاس 109پرستاري,08:00,"
31/03/99
",سليماني علي, —— 
359,91315,هوش مصنوعي و سيستم هاي خبره  ,کارشناسي,  3,  0,--,مختلط, ,0,دوشـــنبه16:15 14:00 کلاس 109پرستاري,08:00,"
31/03/99
",ميرحسيني سيد محسن, —— 
